t,date,series,obs,point_est,pred_lo,pred_med,pred_hi,obs_lo,obs_med,obs_hi
0,2020-03-02,cases,2.0000,0.0000,0.0000,0.0000,0.0000,-0.6866,-0.0113,2.3219
1,2020-03-03,cases,2.0000,54.5088,40.5981,41.4612,41.8586,11.9196,39.8698,134.0736
2,2020-03-04,cases,2.0000,50.0700,37.5311,38.4172,38.8198,10.8768,38.1846,128.1010
3,2020-03-05,cases,3.0000,49.3892,37.4615,38.4047,38.8399,11.4589,38.9636,115.8169
4,2020-03-06,cases,4.0000,51.4305,39.5157,40.6087,41.1176,12.5569,41.1888,137.2903
5,2020-03-07,cases,8.0000,55.5746,43.2652,44.5662,45.2093,14.1577,45.7253,138.5377
6,2020-03-08,cases,9.0000,61.4746,48.4927,50.0630,50.8533,17.0824,51.6414,167.3878
7,2020-03-09,cases,9.0000,68.9667,55.1334,56.9812,57.9664,18.2145,55.9192,183.9188
8,2020-03-10,cases,2.0000,78.0122,63.0448,65.3505,66.5729,20.5796,64.6490,210.2611
9,2020-03-11,cases,18.0000,88.6629,72.4051,75.2508,76.7768,23.6616,77.0430,243.2866
10,2020-03-12,cases,19.0000,101.0392,83.3537,86.8612,88.7360,25.7815,88.8489,312.9773
11,2020-03-13,cases,34.0000,115.3183,96.0845,100.3953,102.7272,32.2414,99.8824,347.4148
12,2020-03-14,cases,57.0000,131.7278,110.8444,116.1246,118.9952,37.9259,115.8809,335.7870
13,2020-03-15,cases,76.0000,150.5479,127.9074,134.3779,137.8633,43.5049,135.3322,428.7861
14,2020-03-16,cases,86.0000,172.0911,147.5878,155.5361,159.7697,48.9476,152.4060,476.1091
15,2020-03-17,cases,117.0000,196.7561,170.4136,180.0407,185.1776,54.0819,181.2694,553.7292
16,2020-03-18,cases,194.0000,224.9730,196.7836,208.4117,214.6646,71.9504,206.6847,637.3083
17,2020-03-19,cases,143.0000,257.2446,227.2368,241.2429,248.7973,75.4549,241.4861,785.0475
18,2020-03-20,cases,235.0000,294.1512,262.3751,279.3046,288.3930,94.7667,285.0530,891.9406
19,2020-03-21,cases,260.0000,336.3536,302.9831,323.3303,334.2875,92.4246,308.2943,1058.9676
20,2020-03-22,cases,320.0000,384.6097,349.8232,374.2798,387.4793,116.5659,360.1814,1214.2096
21,2020-03-23,cases,460.0000,439.7849,403.9015,433.3126,449.3336,121.4686,409.8533,1357.0530
22,2020-03-24,cases,302.0000,502.8688,466.3354,501.6919,521.3290,156.3666,484.4272,1567.4258
23,2020-03-25,cases,633.0000,574.9918,538.4035,580.8119,604.8614,189.5803,573.9621,1687.7040
24,2020-03-26,cases,549.0000,657.4472,621.6065,672.3875,701.3894,207.0716,667.6796,1999.0828
25,2020-03-27,cases,724.0000,751.7049,717.6410,778.4522,812.9117,237.8761,719.2267,2348.2877
26,2020-03-28,cases,902.0000,859.4710,828.3500,901.0560,942.1319,294.6021,878.2408,2853.7686
27,2020-03-29,cases,792.0000,982.6115,956.1629,1043.0406,1091.8478,307.4545,996.4249,3615.1536
28,2020-03-30,cases,446.0000,1123.3936,1103.7447,1207.2675,1265.3047,360.9195,1156.0131,4038.4982
29,2020-03-31,cases,1035.0000,1142.0610,1128.7195,1234.8033,1295.4109,378.6534,1177.6002,3661.2539
30,2020-04-01,cases,808.0000,1042.4335,1033.1055,1127.2300,1182.6444,352.9203,1128.6779,3276.1801
31,2020-04-02,cases,783.0000,963.3311,958.5135,1042.5590,1093.5094,299.8770,1058.9464,3470.0866
32,2020-04-03,cases,852.0000,899.5558,898.9478,974.9002,1022.2066,298.1612,976.3920,2952.8186
33,2020-04-04,cases,638.0000,847.7106,851.1349,920.2876,964.9718,296.9177,883.6409,3097.9163
34,2020-04-05,cases,754.0000,804.6215,811.8389,875.1643,917.8363,292.4702,875.8294,2546.6821
35,2020-04-06,cases,452.0000,768.4157,779.2178,837.1766,878.3474,251.6258,813.3868,2914.2670
36,2020-04-07,cases,712.0000,737.3451,751.5287,805.4203,844.7217,265.0089,819.5502,2483.2243
37,2020-04-08,cases,699.0000,710.4824,727.8626,777.8411,815.3085,244.0222,774.0079,2473.7044
38,2020-04-09,cases,815.0000,686.3737,706.6858,752.8478,789.9795,251.0518,767.9976,2698.9815
39,2020-04-10,cases,1516.0000,664.4703,687.5733,730.7936,767.1651,224.4888,712.0032,2337.7825
40,2020-04-11,cases,515.0000,644.8225,670.3056,711.1102,746.7898,224.8076,707.7711,2144.6110
41,2020-04-12,cases,598.0000,626.8554,653.7556,693.3593,727.6692,209.9354,678.3316,2304.4814
42,2020-04-13,cases,349.0000,609.8125,638.6417,676.5988,710.1534,214.5825,663.3456,2281.2835
43,2020-04-14,cases,514.0000,593.7573,623.8166,660.3299,693.9041,212.1025,656.2788,2163.0947
44,2020-04-15,cases,643.0000,578.5845,609.7452,645.1216,678.0093,202.2395,665.0118,1916.7568
45,2020-04-16,cases,750.0000,564.0578,596.2424,630.7117,662.6942,203.7888,639.6308,1877.2803
46,2020-04-17,cases,181.0000,550.1188,583.2629,616.8909,648.3411,181.7944,620.7082,1968.7628
47,2020-04-18,cases,663.0000,536.6955,570.7602,603.2149,634.4879,201.8682,605.1352,1987.7523
48,2020-04-19,cases,521.0000,523.7194,558.6382,590.1853,620.9639,171.6622,604.8155,1858.3841
49,2020-04-20,cases,657.0000,511.1560,546.9119,577.4180,607.7909,190.5694,586.4636,1813.7513
50,2020-04-21,cases,516.0000,498.9618,536.8679,565.0846,595.0754,183.5523,552.5318,1764.2696
51,2020-04-22,cases,603.0000,487.1116,525.3842,552.9263,582.6846,168.6828,568.6571,1725.0658
52,2020-04-23,cases,371.0000,475.5828,514.3472,540.7517,570.7019,167.6100,543.9101,1873.3529
53,2020-04-24,cases,444.0000,464.3555,504.1217,529.7102,559.1917,164.7084,521.6652,1685.7777
54,2020-04-25,cases,474.0000,453.4152,493.1735,518.6717,547.6837,163.0550,532.2829,1620.5077
55,2020-04-26,cases,412.0000,442.7488,482.4698,507.8101,536.4332,158.2025,511.0823,1693.0164
56,2020-04-27,cases,163.0000,432.3451,472.5492,497.4367,525.4259,152.8308,496.8894,1564.4832
57,2020-04-28,cases,295.0000,422.1943,463.2191,486.9699,514.6525,160.3032,491.0454,1489.7854
58,2020-04-29,cases,183.0000,412.2889,453.1994,476.9003,504.2326,147.0029,454.3444,1470.6034
59,2020-04-30,cases,368.0000,402.6199,444.4083,467.4405,493.9006,131.3174,468.8417,1541.4418
60,2020-05-01,cases,295.0000,393.1803,436.0871,458.0239,484.0462,135.2426,440.0799,1587.7929
61,2020-05-02,cases,203.0000,383.9649,426.6766,448.8627,474.1195,134.8935,429.0564,1381.8996
62,2020-05-03,cases,92.0000,374.9674,417.4794,439.8956,464.3994,140.7556,462.7798,1416.3370
63,2020-05-04,cases,242.0000,366.1812,408.4778,430.9428,454.8785,141.1144,423.8326,1352.7404
64,2020-05-05,cases,178.0000,357.6015,400.4459,422.2676,445.6844,126.3326,422.2378,1349.2973
65,2020-05-06,cases,480.0000,349.2231,392.2607,413.8805,436.9130,130.7699,405.0110,1348.5384
66,2020-05-07,cases,533.0000,341.0411,383.6587,405.6376,427.9885,126.9444,415.8616,1356.1209
67,2020-05-08,cases,553.0000,333.0507,375.6367,397.2553,419.3724,125.5531,396.7089,1238.5127
68,2020-05-09,cases,138.0000,325.2473,367.6214,389.0629,411.2611,120.4270,388.6366,1222.3579
69,2020-05-10,cases,175.0000,317.6264,359.7083,381.2215,403.3116,113.3819,380.1600,1221.2529
70,2020-05-11,cases,98.0000,310.1838,351.8842,373.5190,395.5101,123.7605,371.8118,1124.4939
71,2020-05-12,cases,234.0000,302.9152,344.2298,365.7343,387.8561,112.6823,363.4686,1061.8429
72,2020-05-13,cases,219.0000,295.8165,336.7414,358.2457,380.3527,112.6936,372.1710,1108.5405
73,2020-05-14,cases,187.0000,288.8838,329.4156,350.9242,372.9937,117.2462,341.4348,1043.8045
74,2020-05-15,cases,264.0000,282.1132,322.2507,343.7477,365.7762,100.3726,338.9592,1116.4459
75,2020-05-16,cases,227.0000,275.5009,315.2412,336.8005,358.6977,112.5102,342.9791,1094.3922
76,2020-05-17,cases,226.0000,269.0432,308.3823,329.9985,351.6832,100.5029,338.5672,1068.3203
77,2020-05-18,cases,173.0000,262.7365,301.6693,323.1982,344.7518,113.4447,327.2520,1042.5027
78,2020-05-19,cases,223.0000,256.5772,295.1012,316.4766,338.1765,97.0040,317.8633,981.2026
79,2020-05-20,cases,228.0000,250.5620,288.6766,310.0375,331.6559,96.5259,311.2132,915.2397
80,2020-05-21,cases,252.0000,244.6875,282.3927,303.7136,325.2220,94.1329,289.7791,970.6068
81,2020-05-22,cases,288.0000,238.9504,276.2453,297.7434,318.7870,97.8812,301.6966,961.7510
82,2020-05-23,cases,271.0000,233.3475,270.2312,291.5655,312.5906,85.6775,286.5157,954.3572
83,2020-05-24,cases,152.0000,227.8756,264.3293,285.6366,306.5813,93.3831,277.0323,929.2081
84,2020-05-25,cases,165.0000,222.5318,258.5282,279.7089,300.6869,88.6397,279.6699,840.0832
85,2020-05-26,cases,219.0000,217.3130,252.8556,273.8607,294.9918,87.9507,280.7118,910.8773
86,2020-05-27,cases,285.0000,212.2165,247.4170,268.2892,289.2877,75.7325,274.1904,876.7014
87,2020-05-28,cases,304.0000,207.2390,242.0655,262.8214,283.7698,81.6959,266.8221,823.3734
88,2020-05-29,cases,350.0000,202.3781,236.7718,257.4542,278.3568,79.4708,248.4722,808.7153
89,2020-05-30,cases,257.0000,197.6310,231.6384,252.3082,273.0465,75.4698,244.6367,768.9734
90,2020-05-31,cases,297.0000,192.9951,226.5486,247.1170,267.8321,72.1302,241.0150,764.9271
91,2020-06-01,cases,200.0000,188.4677,221.5819,242.0799,262.7164,81.4130,251.7235,800.1879
92,2020-06-02,cases,195.0000,184.0463,216.7384,237.2571,257.5956,78.4257,241.4910,777.8780
93,2020-06-03,cases,366.0000,179.7284,211.9764,232.4869,252.5518,69.5271,235.7848,718.3738
94,2020-06-04,cases,331.0000,175.5117,207.2944,227.6051,247.7600,71.3737,230.3875,742.8496
95,2020-06-05,cases,377.0000,171.3937,202.7141,222.7469,243.1291,68.5067,222.7115,722.7768
96,2020-06-06,cases,382.0000,167.3721,198.2347,218.1538,238.5108,66.7934,216.8120,728.5896
97,2020-06-07,cases,342.0000,163.4448,193.8540,213.6407,233.8217,69.4421,209.1428,740.4262
98,2020-06-08,cases,192.0000,159.6095,189.5867,209.2428,229.2244,68.7880,212.8641,705.0383
99,2020-06-09,cases,421.0000,155.8640,185.5180,204.9798,224.7172,66.7286,201.3603,663.7570
100,2020-06-10,cases,294.0000,152.2063,181.4400,200.8163,220.3640,57.7409,202.2869,623.2133
101,2020-06-11,cases,310.0000,148.6343,177.4515,196.7425,216.1205,58.2033,197.2599,623.6158
102,2020-06-12,cases,270.0000,145.1460,173.5143,192.7512,211.9266,63.5513,190.8216,626.2574
103,2020-06-13,cases,283.0000,141.7394,169.6480,188.8405,207.8991,53.8045,192.3766,591.9703
104,2020-06-14,cases,227.0000,143.9295,172.0783,191.1260,210.0990,55.4106,186.1484,527.8333
105,2020-06-15,cases,346.0000,150.5267,179.3422,198.2042,217.4112,62.4890,202.6766,585.4239
106,2020-06-16,cases,300.0000,155.7511,184.9807,203.9180,223.1907,62.8276,205.4810,653.5652
107,2020-06-17,cases,336.0000,160.0734,189.8063,208.6521,227.9705,61.1566,205.9907,703.0516
108,2020-06-18,cases,417.0000,163.6673,193.9905,212.4757,231.9391,69.8402,222.1062,691.3685
109,2020-06-19,cases,375.0000,166.6976,197.3884,215.8044,235.2016,61.5958,219.8710,676.9090
110,2020-06-20,cases,377.0000,169.4248,200.2203,218.8171,238.1831,72.2442,208.6592,701.9182
111,2020-06-21,cases,292.0000,171.8839,202.9593,221.5089,240.8552,70.8792,219.0617,629.3598
112,2020-06-22,cases,259.0000,174.1256,205.4900,224.0111,243.3118,62.6279,220.1172,717.7068
113,2020-06-23,cases,345.0000,176.2761,207.8139,226.3429,245.5145,78.2765,230.0722,814.2251
114,2020-06-24,cases,367.0000,178.3526,210.0807,228.5980,247.6329,74.0980,233.2454,753.8190
115,2020-06-25,cases,311.0000,180.3413,212.3355,230.7805,249.8674,65.6836,224.0639,730.7841
116,2020-06-26,cases,451.0000,182.2791,214.4936,232.8311,252.0065,72.3915,221.7397,708.4260
117,2020-06-27,cases,323.0000,184.2124,216.5799,234.7663,253.8416,68.5003,236.7372,753.0481
118,2020-06-28,cases,457.0000,186.1327,218.6821,236.7065,255.6356,71.3881,235.3556,746.4927
119,2020-06-29,cases,266.0000,188.0502,220.7381,238.6280,257.4637,78.5621,241.2244,783.1700
120,2020-06-30,cases,259.0000,189.9697,222.7943,240.6860,259.3978,73.3708,243.6927,813.0086
121,2020-07-01,cases,352.0000,191.8962,224.8966,242.7743,261.3313,70.7459,242.4691,833.6033
122,2020-07-02,cases,378.0000,193.8340,226.9782,244.7317,263.2670,76.6033,236.4523,803.8738
123,2020-07-03,cases,455.0000,195.7836,229.0718,246.6820,265.1854,71.8750,248.4885,794.9676
124,2020-07-04,cases,413.0000,197.7470,231.1785,248.6755,266.9893,71.0964,243.0059,800.7298
125,2020-07-05,cases,328.0000,199.7274,233.2110,250.8228,268.9750,79.3232,256.8378,854.7938
126,2020-07-06,cases,232.0000,201.7251,235.3371,253.0058,270.9523,75.4652,257.4951,771.8109
127,2020-07-07,cases,287.0000,203.7397,237.5255,255.0884,272.9707,84.1426,249.1185,788.7320
128,2020-07-08,cases,443.0000,205.7722,239.6765,257.1002,275.0069,79.3578,261.7897,836.9215
129,2020-07-09,cases,418.0000,207.8243,241.8722,259.1961,277.0878,82.5911,246.5270,784.1740
130,2020-07-10,cases,402.0000,209.8958,244.0126,261.2628,279.1141,87.1313,272.5126,902.0154
131,2020-07-11,cases,342.0000,211.9867,246.2282,263.4746,281.1796,79.2089,264.9213,821.4521
132,2020-07-12,cases,291.0000,214.0976,248.4970,265.6375,283.2635,75.8571,262.6145,850.8675
133,2020-07-13,cases,306.0000,216.2289,250.7859,267.8722,285.3641,84.9395,264.1476,844.8440
134,2020-07-14,cases,233.0000,218.3807,253.0878,269.8880,287.4792,78.4068,277.7019,890.5302
135,2020-07-15,cases,375.0000,220.5533,255.2893,271.9313,289.6091,82.4814,267.2118,939.4782
136,2020-07-16,cases,339.0000,222.7468,257.6051,274.0090,291.7538,80.8095,270.5554,864.3983
137,2020-07-17,cases,312.0000,224.9615,259.9411,276.1776,293.9136,80.4331,270.6126,902.9713
138,2020-07-18,cases,313.0000,227.1977,262.2976,278.3678,296.0888,81.1565,261.9085,926.9327
139,2020-07-19,cases,246.0000,229.4556,264.6746,280.6651,298.3341,86.0495,276.5655,939.6997
140,2020-07-20,cases,135.0000,231.7352,267.0724,282.9395,300.5983,92.9502,279.3636,927.3939
141,2020-07-21,cases,127.0000,234.0370,269.4912,285.1769,302.8786,85.8561,282.4323,877.6747
142,2020-07-22,cases,252.0000,236.3609,271.9311,287.4092,305.0877,84.7663,289.2650,853.0123
143,2020-07-23,cases,229.0000,238.7074,274.3923,289.7323,307.3979,85.0464,298.5415,966.0491
144,2020-07-24,cases,313.0000,241.0766,276.8750,292.1182,309.7246,89.0166,288.6057,919.9558
145,2020-07-25,cases,263.0000,243.4686,279.4462,294.4000,312.0680,88.7514,293.4058,939.2133
146,2020-07-26,cases,209.0000,245.8837,281.9918,296.7112,314.3918,85.0335,297.4714,885.3658
147,2020-07-27,cases,135.0000,248.3222,284.5392,299.0822,316.6247,90.1308,300.5158,901.1021
148,2020-07-28,cases,111.0000,250.7842,287.1087,301.5707,318.9966,89.2534,301.2344,1026.9436
149,2020-07-29,cases,203.0000,253.2699,289.6620,303.9229,321.3853,91.1153,306.4914,979.8633
150,2020-07-30,cases,255.0000,255.7796,292.2318,306.4313,323.7908,93.6093,302.0270,969.1604
151,2020-07-31,cases,204.0000,258.3134,294.8812,309.0001,326.2133,94.7285,300.3377,916.9536
152,2020-08-01,cases,238.0000,260.8716,297.5609,311.5334,328.9114,95.7005,316.2793,990.1872
153,2020-08-02,cases,153.0000,263.4545,300.2639,314.0508,331.5101,101.2153,318.7447,1012.2792
154,2020-08-03,cases,106.0000,266.0622,302.9906,316.7086,333.9237,89.5366,317.4046,1055.6282
155,2020-08-04,cases,112.0000,268.6949,305.7409,319.2650,336.4391,99.5340,325.8815,1093.8913
156,2020-08-05,cases,167.0000,271.3529,308.4791,321.9242,338.9702,109.6194,328.1771,1076.7969
157,2020-08-06,cases,213.0000,274.0365,311.1850,324.5571,341.5204,95.9938,314.8915,1028.5117
158,2020-08-07,cases,290.0000,276.7457,313.9872,327.3763,344.0913,98.7830,336.1378,1044.5354
159,2020-08-08,cases,186.0000,279.4810,316.7852,330.0865,346.6796,116.5018,330.4106,1080.2204
160,2020-08-09,cases,131.0000,282.2424,319.5617,332.6563,349.2850,98.3613,345.8713,1103.3203
161,2020-08-10,cases,157.0000,285.0303,322.2559,335.3778,351.9070,101.8422,343.9874,1060.6467
162,2020-08-11,cases,120.0000,287.8449,324.8250,338.2008,354.4200,115.1736,337.4979,1089.7458
163,2020-08-12,cases,278.0000,290.6864,327.6962,340.9390,356.9480,106.3779,333.9324,1000.5452
164,2020-08-13,cases,325.0000,293.5550,330.1728,343.7428,359.7398,110.3051,338.7537,1062.3639
165,2020-08-14,cases,235.0000,296.4510,332.7933,346.4666,362.5306,108.6565,339.8534,1156.7523
166,2020-08-15,cases,198.0000,299.3747,335.7384,349.3233,365.1896,108.1770,347.7538,1174.4196
167,2020-08-16,cases,121.0000,302.3262,338.4700,352.1908,368.0408,108.2473,345.3995,1150.3411
168,2020-08-17,cases,132.0000,305.3059,341.2785,355.0804,370.9745,111.7516,343.4167,1210.7277
169,2020-08-18,cases,214.0000,308.3139,344.2251,358.0146,373.7529,122.9935,367.1719,1165.0442
170,2020-08-19,cases,253.0000,311.3506,346.8504,361.0475,376.5507,124.2163,371.2855,1114.0986
171,2020-08-20,cases,291.0000,314.4162,349.3692,364.0654,379.3679,111.1770,370.2756,1179.8238
172,2020-08-21,cases,219.0000,317.5109,352.0946,367.0796,382.2048,114.3664,380.5565,1128.4482
173,2020-08-22,cases,241.0000,320.6349,354.6806,370.1061,385.0945,118.5329,379.8381,1274.2983
174,2020-08-23,cases,145.0000,323.7887,357.4094,373.2667,388.1445,125.9490,388.5636,1229.2933
175,2020-08-24,cases,123.0000,326.9723,359.7498,376.3228,391.3097,118.5038,381.0692,1272.5862
176,2020-08-25,cases,192.0000,330.1861,362.3937,379.5377,394.4992,119.6280,368.2792,1207.7968
177,2020-08-26,cases,362.0000,333.4303,365.2386,382.6326,397.7130,111.3544,376.3100,1251.2149
178,2020-08-27,cases,397.0000,336.7052,368.0636,385.8425,400.8166,126.7255,382.6223,1210.8202
179,2020-08-28,cases,403.0000,340.0111,370.7222,389.0040,404.1397,125.5327,388.0392,1311.9639
180,2020-08-29,cases,374.0000,343.3482,373.8796,392.1224,407.4026,119.5486,386.2451,1341.3794
181,2020-08-30,cases,320.0000,346.7168,376.6186,395.4113,410.5753,133.9313,400.5306,1247.1194
182,2020-08-31,cases,244.0000,350.1172,379.1908,398.6537,413.9717,123.2052,386.2215,1300.1818
183,2020-09-01,cases,231.0000,353.5497,381.7841,401.9379,417.4287,122.8537,396.9057,1307.5905
184,2020-09-02,cases,390.0000,357.0144,384.6980,405.2823,420.9091,129.9686,396.1518,1179.1750
185,2020-09-03,cases,418.0000,360.5118,387.6757,408.6836,424.2374,129.5563,394.7031,1273.5849
186,2020-09-04,cases,406.0000,364.0420,390.6577,412.1123,427.7960,124.8250,423.0208,1300.8224
187,2020-09-05,cases,486.0000,367.6054,393.3173,415.3598,431.6504,134.3125,409.1378,1439.6027
188,2020-09-06,cases,315.0000,371.2022,396.0964,418.8444,435.6152,130.8002,423.8872,1347.2899
189,2020-09-07,cases,249.0000,374.8328,399.0494,422.5400,439.1970,132.1914,426.0530,1452.0434
190,2020-09-08,cases,388.0000,378.4974,401.9728,426.0432,442.7980,143.4717,422.5824,1232.8667
191,2020-09-09,cases,646.0000,382.1963,404.7422,429.5160,446.6823,138.4848,423.9264,1327.7679
192,2020-09-10,cases,585.0000,385.9298,407.5289,432.8945,450.5472,140.5260,422.0748,1269.1346
193,2020-09-11,cases,687.0000,389.6982,410.4778,436.5166,454.7135,138.2309,437.7169,1341.5075
194,2020-09-12,cases,497.0000,393.5017,413.4526,440.1148,458.9593,139.7769,448.7771,1387.1771
195,2020-09-13,cases,673.0000,397.3408,416.3586,443.7506,463.2000,133.8549,450.0736,1388.9280
196,2020-09-14,cases,613.0000,401.2156,419.4781,447.2640,467.3779,151.7157,452.7971,1499.7100
197,2020-09-15,cases,425.0000,405.1265,422.6155,450.9206,471.6721,141.6096,434.5940,1479.2425
198,2020-09-16,cases,605.0000,409.0738,425.7746,454.5677,475.9579,144.5506,455.6925,1459.4185
199,2020-09-17,cases,770.0000,413.0578,428.8667,458.1742,480.2802,132.9645,450.5993,1456.9847
200,2020-09-18,cases,780.0000,417.0787,431.8565,461.9582,484.6351,135.5580,467.5557,1399.7942
201,2020-09-19,cases,849.0000,421.1369,434.8652,465.7844,488.7769,139.4307,453.5661,1538.8435
202,2020-09-20,cases,552.0000,425.2328,437.8808,469.3539,492.7972,145.6905,454.3921,1398.8099
203,2020-09-21,cases,623.0000,429.3665,440.7332,473.0117,497.4583,143.4818,473.9748,1425.2070
204,2020-09-22,cases,463.0000,433.5385,443.6034,476.8122,502.1657,156.9150,487.9690,1625.4756
205,2020-09-23,cases,802.0000,437.7491,446.7059,480.5489,506.4018,140.5254,480.4580,1545.3639
206,2020-09-24,cases,691.0000,441.9985,449.8375,484.1741,511.0503,155.0109,494.0257,1639.1235
207,2020-09-25,cases,899.0000,446.2870,453.0586,488.1637,515.6145,141.3178,471.7889,1459.4910
208,2020-09-26,cases,884.0000,450.6151,456.0810,492.0246,520.4411,149.8370,483.7996,1451.8548
209,2020-09-27,cases,665.0000,478.3667,485.6454,522.3581,552.1205,160.6041,510.7437,1637.8595
210,2020-09-28,cases,425.0000,525.8622,537.3261,575.2322,607.0479,176.8394,592.0447,1933.4055
211,2020-09-29,cases,688.0000,569.5862,584.4889,623.7574,657.5542,206.1320,625.7456,1967.0465
212,2020-09-30,cases,825.0000,611.2783,629.6930,670.2096,705.2635,215.8577,662.6675,2156.7277
213,2020-10-01,cases,854.0000,652.1807,673.8116,715.8186,751.9734,228.6222,710.6496,2246.3142
214,2020-10-02,cases,888.0000,693.1878,718.0332,761.2271,798.9982,216.7603,753.4591,2227.8985
215,2020-10-03,cases,963.0000,734.9692,762.3891,807.1954,846.8547,252.0373,815.6938,2635.7460
216,2020-10-04,cases,904.0000,777.9986,808.1284,854.8323,896.1395,245.5199,838.0098,2668.7619
217,2020-10-05,cases,734.0000,822.6877,856.4773,904.1129,947.0230,281.2209,893.8438,2944.1227
218,2020-10-06,cases,427.0000,869.3569,906.0729,955.4176,1000.2550,302.1512,946.7307,3039.0485
219,2020-10-07,cases,944.0000,918.1920,958.3736,1009.3864,1056.3541,300.0415,1025.4580,3608.0253
220,2020-10-08,cases,1278.0000,969.4975,1012.6835,1065.9800,1115.0183,347.2831,1098.3930,3580.9779
221,2020-10-09,cases,1394.0000,1023.4563,1070.3130,1125.7363,1176.8691,346.6984,1156.6262,3869.5582
222,2020-10-10,cases,1646.0000,1080.2424,1130.6657,1188.6434,1243.2554,367.4103,1170.0568,4000.2339
223,2020-10-11,cases,1090.0000,1140.0711,1194.3016,1253.9451,1312.3448,384.5323,1237.2921,4465.7006
224,2020-10-12,cases,1249.0000,1203.1197,1261.0933,1323.6529,1385.9764,370.6824,1331.0904,4530.8941
225,2020-10-13,cases,1208.0000,1269.5795,1331.0583,1396.6736,1463.6422,443.4376,1421.4682,4017.3945
226,2020-10-14,cases,2072.0000,1339.6496,1405.5411,1474.0205,1545.5791,462.0167,1527.7895,4725.3303
227,2020-10-15,cases,2101.0000,1413.5290,1483.6594,1555.6384,1632.0309,503.2764,1567.3923,5400.1512
228,2020-10-16,cases,2608.0000,1491.4257,1565.8641,1641.8320,1723.1297,471.2874,1563.2343,4816.9425
229,2020-10-17,cases,2153.0000,1573.5635,1652.5612,1733.0328,1817.5982,595.6301,1741.8100,5353.8941
230,2020-10-18,cases,1856.0000,1660.1696,1743.9964,1829.9226,1917.1281,561.4001,1838.2640,5957.3276
231,2020-10-19,cases,1949.0000,1751.4838,1840.4255,1930.9397,2022.1141,575.9342,1912.0390,5831.0813
232,2020-10-20,cases,1876.0000,1847.7580,1942.1177,2037.2948,2134.3289,636.6040,2097.0067,6057.0713
233,2020-10-21,cases,2535.0000,1949.2551,2049.3509,2151.8420,2250.6296,675.8787,2070.2082,6581.3108
234,2020-10-22,cases,3270.0000,2056.2550,2162.4223,2270.3096,2373.1675,691.1844,2219.0298,7607.7194
235,2020-10-23,cases,2899.0000,2169.0413,2281.6441,2396.1062,2502.2950,677.6764,2432.2449,7916.3402
236,2020-10-24,cases,3669.0000,2287.9234,2407.3302,2528.8084,2638.3627,766.0082,2465.4160,8084.5609
237,2020-10-25,cases,2577.0000,2413.2224,2539.8280,2668.2344,2781.6217,846.3670,2701.6487,8629.3147
238,2020-10-26,cases,2447.0000,2545.2703,2679.4968,2814.9688,2936.2304,815.3401,2729.5955,9197.1599
239,2020-10-27,cases,3299.0000,2684.4151,2826.7057,2968.6788,3099.0473,870.7154,2973.7873,9770.1650
240,2020-10-28,cases,3960.0000,2831.0307,2981.8453,3131.0746,3273.7882,864.4441,3169.3459,10490.3121
241,2020-10-29,cases,4224.0000,2985.5001,3143.9901,3302.5358,3456.6585,1169.9949,3245.6357,9998.5754
242,2020-10-30,cases,4656.0000,3148.2234,3315.6033,3482.4572,3646.7877,1061.1277,3573.7360,11965.3595
243,2020-10-31,cases,4007.0000,3319.6264,3495.2373,3672.4958,3849.5382,1160.9221,3729.6222,12608.5473
244,2020-11-01,cases,3062.0000,3500.1499,3684.3096,3873.1605,4063.2713,1292.6841,3872.4902,12361.8760
245,2020-11-02,cases,2506.0000,3690.2524,3882.4968,4084.5050,4288.5500,1303.8046,3959.7998,11651.4380
246,2020-11-03,cases,2596.0000,3890.4192,4092.9258,4307.4807,4525.0158,1372.5559,4314.3066,13723.5029
247,2020-11-04,cases,7497.0000,4101.1527,4310.5099,4542.2507,4773.1647,1466.1340,4537.6765,14871.8830
248,2020-11-05,cases,4410.0000,4322.9750,4539.0646,4787.8192,5034.5609,1554.1085,4697.3907,14261.0548
249,2020-11-06,cases,5550.0000,4556.4381,4778.7448,5047.4605,5317.4060,1542.2326,5065.2791,16324.8516
250,2020-11-07,cases,6640.0000,4802.1076,5031.6262,5320.8669,5603.9376,1683.0270,5237.1474,17395.9419
251,2020-11-08,cases,5784.0000,5060.5800,5300.2033,5607.0982,5915.6921,1766.1655,5418.7335,17668.4233
252,2020-11-09,cases,4096.0000,5332.4735,5580.5139,5908.8845,6250.1796,1874.9281,5998.3894,18351.4423
253,2020-11-10,cases,3817.0000,5618.4264,5873.2451,6226.8212,6596.4484,2107.7620,6391.1049,20123.2133
254,2020-11-11,cases,4935.0000,5919.1081,6182.7568,6563.0770,6952.7633,2235.3451,6774.0441,19565.3068
255,2020-11-12,cases,5839.0000,6235.2102,6504.9092,6914.6808,7327.3866,2137.9982,6585.5773,21656.1610
256,2020-11-13,cases,6653.0000,6567.4408,6844.2295,7282.3516,7721.2472,2191.1413,7189.9623,22325.4274
257,2020-11-14,cases,6602.0000,6916.5487,7200.7198,7669.9718,8137.2071,2471.2002,7664.0037,23812.5225
258,2020-11-15,cases,6035.0000,7283.2960,7574.8083,8077.5994,8585.2215,2404.6826,8278.1447,27545.7746
259,2020-11-16,cases,8371.0000,7668.4699,7967.7594,8505.8996,9054.5622,2657.7631,8328.1410,25703.9627
260,2020-11-17,cases,4452.0000,7547.9369,7875.3055,8397.5756,8940.0906,2499.4208,8792.9266,25001.8326
261,2020-11-18,cases,5891.0000,6989.0917,7368.3133,7842.0726,8352.6233,2654.8750,7973.1074,24801.3198
262,2020-11-19,cases,6994.0000,6532.7777,6956.7826,7394.2438,7869.0921,2389.2113,7379.1658,24323.8802
263,2020-11-20,cases,6489.0000,6145.4957,6606.2485,7020.7963,7454.2291,2221.3697,6662.8632,21369.0989
264,2020-11-21,cases,6472.0000,5812.9554,6312.4166,6702.1320,7094.3113,1976.5000,6816.2560,22440.5990
265,2020-11-22,cases,4788.0000,5534.0140,6052.8445,6429.4539,6785.3715,2062.2694,6437.0348,20521.4052
266,2020-11-23,cases,4044.0000,5291.6067,5821.9701,6200.2291,6512.8325,1819.0844,6195.0893,19631.1893
267,2020-11-24,cases,3919.0000,5071.1098,5615.4780,5986.8442,6297.1380,1960.1299,5733.8258,18500.6216
268,2020-11-25,cases,5290.0000,4872.6693,5415.6992,5785.2980,6094.2765,1687.5097,5833.2268,18918.8367
269,2020-11-26,cases,6383.0000,4694.0933,5240.9572,5614.5427,5918.4431,1735.5234,5623.7505,16833.1878
270,2020-11-27,cases,5444.0000,4528.0910,5077.1572,5444.8396,5757.7377,1736.8067,5475.0354,16480.0708
271,2020-11-28,cases,4868.0000,4372.7385,4919.5335,5293.6173,5606.4335,1683.3789,5539.5213,16065.2510
272,2020-11-29,cases,4093.0000,4227.6687,4769.9012,5147.4573,5464.3297,1538.6121,5093.2478,16812.1439
273,2020-11-30,cases,3262.0000,4091.2587,4633.2501,5015.4904,5330.0615,1611.1493,5201.9236,15140.4870
274,2020-12-01,cases,2401.0000,3960.6435,4497.6303,4891.7149,5203.0598,1635.8474,4833.4404,16886.3564
275,2020-12-02,cases,3384.0000,3835.6014,4373.3160,4770.2861,5075.1838,1354.1461,4697.5836,12984.0081
276,2020-12-03,cases,3772.0000,3716.3054,4247.4733,4654.5419,4957.2647,1375.8062,4693.5281,15662.0085
277,2020-12-04,cases,4935.0000,3602.5141,4133.6634,4543.2701,4842.5016,1299.7505,4583.6098,15955.6131
278,2020-12-05,cases,6087.0000,3492.4252,4019.4067,4431.7645,4728.7300,1268.0431,4276.0354,13380.8969
279,2020-12-06,cases,3834.0000,3386.0986,3903.5292,4328.2493,4621.5176,1329.3062,4275.1714,13603.1774
280,2020-12-07,cases,2597.0000,3283.4946,3791.5429,4222.4542,4516.2950,1190.5979,4096.2945,12804.0632
281,2020-12-08,cases,2905.0000,3184.3757,3686.2643,4120.3122,4412.0705,1236.7929,4151.3602,12610.2847
282,2020-12-09,cases,4097.0000,3088.3944,3589.2389,4020.0982,4312.7385,1218.4447,4042.9113,12817.0296
283,2020-12-10,cases,3134.0000,2995.4655,3495.9731,3926.2079,4217.9219,1256.8083,3937.5445,12151.7368
284,2020-12-11,cases,5080.0000,2905.4601,3407.9873,3832.8402,4123.7853,1168.8905,3849.2645,12720.4383
285,2020-12-12,cases,4413.0000,2818.2188,3316.7724,3740.9061,4034.5063,1053.8732,3674.7388,11649.7781
286,2020-12-13,cases,4044.0000,2733.6477,3230.6825,3650.0551,3944.9719,1127.2310,3600.1792,11371.1891
287,2020-12-14,cases,2194.0000,2651.6604,3146.7669,3560.3849,3855.9163,1117.2450,3510.5517,10289.4693
288,2020-12-15,cases,2638.0000,2572.1299,3061.8018,3473.7904,3770.6172,1041.7266,3456.7165,10630.0880
289,2020-12-16,cases,4720.0000,2494.9769,2974.9689,3389.4651,3687.1139,1071.3334,3439.2450,10044.7951
290,2020-12-17,cases,4320.0000,2420.1456,2894.5048,3307.2107,3604.1529,963.5282,3162.9522,9800.1083
291,2020-12-18,cases,4336.0000,2347.5741,2816.2167,3228.9101,3525.2079,846.5126,3194.5614,10114.8780
292,2020-12-19,cases,3835.0000,2277.1576,2740.0230,3151.1002,3447.8258,961.9192,3124.3162,9868.4753
293,2020-12-20,cases,3334.0000,2208.8298,2665.9466,3076.8567,3371.9872,844.3402,3045.1110,10021.1108
294,2020-12-21,cases,2099.0000,2142.5381,2593.8450,3003.2317,3297.9388,848.9078,2942.9686,10188.1258
295,2020-12-22,cases,2436.0000,2078.2282,2523.6719,2933.1565,3224.2544,858.1671,2963.9250,9235.4490
296,2020-12-23,cases,4602.0000,2015.8329,2455.3662,2862.3989,3152.8114,843.4559,2774.0224,8799.8333
297,2020-12-24,cases,4378.0000,1955.2889,2388.8780,2794.5325,3083.4327,829.5622,2725.0073,8392.6117
298,2020-12-25,cases,4146.0000,1896.5471,2324.1637,2728.0554,3015.3065,852.1915,2760.4219,8406.2676
299,2020-12-26,cases,1214.0000,1839.5582,2257.2930,2659.4468,2947.4689,804.4391,2721.6354,9082.7188
300,2020-12-27,cases,1577.0000,1784.2676,2191.7578,2595.0348,2881.4768,823.9283,2645.1144,8210.9784
301,2020-12-28,cases,2093.0000,1730.6217,2129.5342,2532.5923,2816.9006,717.5658,2463.8996,7567.6157
302,2020-12-29,cases,3336.0000,1678.5752,2071.6110,2472.3034,2756.6915,765.6010,2510.2653,7994.7434
303,2020-12-30,cases,6049.0000,1628.0819,2015.2398,2412.8576,2694.7355,742.8988,2251.2435,7262.9248
304,2020-12-31,cases,7627.0000,1579.0944,1960.3816,2355.5573,2634.1145,694.9612,2292.4611,7220.9061
0,2020-03-02,ward,0.0000,0.0000,0.0000,0.0000,0.0000,-0.4820,0.0081,0.9696
1,2020-03-03,ward,0.0000,0.9863,0.7490,0.7773,0.7928,-0.0484,0.7703,2.4480
2,2020-03-04,ward,0.0000,3.4123,2.5485,2.6313,2.6768,0.8107,2.6731,6.0066
3,2020-03-05,ward,9.0000,4.7818,3.5177,3.6324,3.6951,1.3845,3.6525,7.9084
4,2020-03-06,ward,13.0000,5.6401,4.2199,4.3358,4.4245,1.8478,4.3041,8.9758
5,2020-03-07,ward,21.0000,8.8250,6.6536,6.8284,6.9754,2.9755,6.8375,13.9671
6,2020-03-08,ward,30.0000,13.6224,10.2010,10.5305,10.7006,5.0712,10.4441,20.8168
7,2020-03-09,ward,38.0000,15.3246,11.5687,11.9377,12.1438,5.6996,11.7500,24.8869
8,2020-03-10,ward,40.0000,19.2595,14.8093,15.2083,15.4687,7.2462,14.9552,30.0880
9,2020-03-11,ward,57.0000,23.8513,17.6753,18.3263,18.6020,9.0703,18.0958,36.4009
10,2020-03-12,ward,69.0000,34.1453,26.2524,26.9858,27.7846,13.0255,26.9441,52.4587
11,2020-03-13,ward,107.0000,40.7082,31.5597,32.6187,33.1869,17.3209,32.8664,63.6734
12,2020-03-14,ward,104.0000,42.7441,33.5207,34.7790,35.4535,18.1495,34.9199,71.4732
13,2020-03-15,ward,130.0000,46.3849,36.8828,38.6662,39.5498,19.8779,38.2297,75.4263
14,2020-03-16,ward,121.0000,53.3134,42.5582,44.5167,45.5697,22.7568,44.2416,85.9701
15,2020-03-17,ward,189.0000,63.4113,50.7754,53.7777,55.2864,26.9961,53.2891,102.8110
16,2020-03-18,ward,69.0000,79.2988,65.2955,69.5252,71.5464,34.1006,69.3230,134.6224
17,2020-03-19,ward,69.0000,90.3052,75.0310,80.0244,82.4114,39.7899,79.1165,157.5405
18,2020-03-20,ward,100.0000,104.7684,87.4216,93.0645,95.7440,45.9686,95.0119,180.7105
19,2020-03-21,ward,121.0000,122.2527,101.8833,108.3180,111.4003,56.2405,107.6696,214.5564
20,2020-03-22,ward,128.0000,147.0888,123.2166,131.6659,135.3071,68.6929,130.0604,251.2803
21,2020-03-23,ward,154.0000,173.0380,145.3187,155.3700,159.7986,80.0644,154.4633,311.4515
22,2020-03-24,ward,155.0000,198.8016,168.7719,180.1174,185.4125,93.0821,183.1652,368.8133
23,2020-03-25,ward,215.0000,234.0620,201.0442,214.6090,221.2427,113.7832,210.5782,420.3366
24,2020-03-26,ward,130.0000,274.3220,238.9491,254.3987,263.0729,129.6499,251.5694,495.4354
25,2020-03-27,ward,283.0000,322.0959,281.1848,298.9178,309.7511,151.5461,293.9677,569.5641
26,2020-03-28,ward,329.0000,363.1951,318.8176,338.4779,358.0974,166.4026,339.9402,641.9685
27,2020-03-29,ward,348.0000,414.9576,375.1427,400.2583,422.8820,210.7631,403.6590,770.2235
28,2020-03-30,ward,407.0000,480.7151,438.0778,467.3376,490.7304,228.3537,475.3045,903.9661
29,2020-03-31,ward,439.0000,557.6698,511.0934,546.8104,572.4442,297.6387,547.8037,1062.3927
30,2020-04-01,ward,496.0000,648.3839,596.7971,640.7941,669.3556,328.4867,629.9727,1216.9271
31,2020-04-02,ward,802.0000,715.1248,661.4187,710.9451,742.0687,368.4501,706.2051,1368.4554
32,2020-04-03,ward,813.0000,791.0787,735.4511,790.7283,824.9155,390.8940,787.7010,1504.5610
33,2020-04-04,ward,824.0000,857.3256,799.8046,859.8434,896.5895,452.0354,856.3453,1628.6619
34,2020-04-05,ward,817.0000,893.8809,835.6528,898.7398,937.3837,462.3237,874.9012,1783.8737
35,2020-04-06,ward,829.0000,935.3184,877.0339,943.8848,984.6517,479.9213,934.6667,1745.4137
36,2020-04-07,ward,909.0000,972.9886,915.3342,984.8458,1027.7560,464.9379,984.3253,1915.9399
37,2020-04-08,ward,966.0000,1013.7542,958.1041,1031.0377,1084.5099,521.4299,1024.3765,2006.4424
38,2020-04-09,ward,932.0000,1064.5764,1009.6344,1086.8230,1139.5780,566.3331,1079.8051,2106.2682
39,2020-04-10,ward,953.0000,1120.9022,1066.0428,1146.7301,1188.1302,582.9344,1135.6025,2243.2526
40,2020-04-11,ward,942.0000,1173.0096,1117.1047,1200.2311,1242.7830,632.0766,1192.1552,2325.7420
41,2020-04-12,ward,949.0000,1188.4660,1131.3053,1214.4073,1257.1888,642.6002,1197.4157,2308.0461
42,2020-04-13,ward,999.0000,1192.1113,1139.2292,1222.8659,1281.2331,616.0047,1200.0836,2315.5208
43,2020-04-14,ward,1009.0000,1209.3437,1161.0498,1245.0851,1303.2902,634.2265,1246.3325,2432.2154
44,2020-04-15,ward,992.0000,1229.0800,1181.4330,1268.0257,1325.9735,613.2256,1274.3435,2429.8148
45,2020-04-16,ward,1073.0000,1228.1346,1185.2695,1272.6881,1331.5856,650.9460,1261.8889,2365.3243
46,2020-04-17,ward,1062.0000,1207.0174,1166.9557,1250.2564,1310.3261,672.7228,1228.0194,2322.5351
47,2020-04-18,ward,1025.0000,1178.4405,1153.4493,1220.3895,1284.7610,646.2069,1213.1376,2407.6808
48,2020-04-19,ward,1019.0000,1169.5876,1149.3683,1201.7964,1278.8015,609.2318,1225.7068,2437.5067
49,2020-04-20,ward,993.0000,1156.1740,1133.4493,1186.5240,1257.5197,602.7964,1185.6699,2250.8821
50,2020-04-21,ward,959.0000,1122.6107,1112.0168,1164.3342,1224.7908,594.0332,1161.0181,2301.6182
51,2020-04-22,ward,939.0000,1084.1867,1091.5332,1134.5484,1192.5811,592.9000,1130.9128,2186.3208
52,2020-04-23,ward,891.0000,1083.6936,1098.8969,1142.2118,1197.3814,631.2669,1132.9305,2104.2407
53,2020-04-24,ward,880.0000,1042.2907,1056.5098,1097.0518,1153.5129,565.6040,1103.3645,2158.3409
54,2020-04-25,ward,854.0000,1028.2281,1037.3223,1077.4877,1132.0304,550.0026,1085.8641,2026.2368
55,2020-04-26,ward,823.0000,1012.4163,1025.2595,1063.0566,1117.1640,573.4230,1082.1842,2053.6900
56,2020-04-27,ward,819.0000,993.4047,1004.8379,1044.0252,1097.1302,551.0380,1048.5998,2034.4742
57,2020-04-28,ward,764.0000,987.8510,996.6913,1036.6914,1089.7451,521.0601,1044.5899,1970.9519
58,2020-04-29,ward,811.0000,979.4966,990.8447,1030.3737,1080.4259,550.2749,1031.8382,1932.0936
59,2020-04-30,ward,796.0000,962.0406,977.5342,1015.4418,1064.8078,547.9166,1021.9780,1961.2793
60,2020-05-01,ward,738.0000,932.8103,952.1298,989.2645,1038.3874,507.0764,972.0752,1930.4646
61,2020-05-02,ward,705.0000,898.9737,919.9088,955.0170,1002.8321,511.2232,968.2514,1844.2644
62,2020-05-03,ward,712.0000,865.3924,884.9517,920.2682,966.9400,486.4159,917.0011,1788.3918
63,2020-05-04,ward,670.0000,849.8441,852.6193,889.8048,939.1439,470.8201,881.0012,1814.8374
64,2020-05-05,ward,684.0000,846.5706,828.9342,881.5283,929.5961,437.1709,894.0782,1672.7070
65,2020-05-06,ward,702.0000,821.5629,805.3004,857.8590,910.3990,415.9131,856.9723,1671.1553
66,2020-05-07,ward,739.0000,820.2474,814.2191,866.3632,913.3243,446.4451,841.6428,1660.8907
67,2020-05-08,ward,715.0000,773.8984,783.5065,825.0621,873.1042,433.7254,815.1372,1591.6829
68,2020-05-09,ward,695.0000,735.9559,744.0873,786.0901,829.9649,387.6966,778.6816,1477.4377
69,2020-05-10,ward,685.0000,717.2423,719.2919,758.8733,801.4842,395.1573,742.0047,1457.6888
70,2020-05-11,ward,693.0000,705.1363,713.0523,743.1234,790.2110,397.3498,744.9115,1482.6873
71,2020-05-12,ward,596.0000,674.8791,687.6515,715.5298,760.7279,394.8593,722.1499,1331.9651
72,2020-05-13,ward,589.0000,658.9016,665.5422,701.7024,746.9550,376.6125,680.7606,1309.3750
73,2020-05-14,ward,572.0000,633.5369,643.8741,681.0097,720.8953,342.6627,683.4489,1358.6376
74,2020-05-15,ward,561.0000,616.1901,618.2063,655.8519,696.9113,336.1810,669.4157,1319.1084
75,2020-05-16,ward,542.0000,588.8755,590.0581,626.0231,665.3622,336.9166,630.6047,1284.5876
76,2020-05-17,ward,541.0000,563.2087,565.1376,601.3435,639.6768,295.6448,591.0262,1138.6833
77,2020-05-18,ward,523.0000,541.2001,545.0597,578.8509,616.5133,275.1053,574.8494,1065.1964
78,2020-05-19,ward,528.0000,520.8499,522.6511,552.1684,586.4968,285.9015,545.7700,1101.7706
79,2020-05-20,ward,516.0000,491.5461,497.9887,525.5359,556.5642,270.6674,518.7745,1062.0237
80,2020-05-21,ward,516.0000,469.6002,475.0513,505.1547,534.9122,260.8215,514.4612,984.2573
81,2020-05-22,ward,492.0000,446.0314,454.6879,483.2763,511.6967,243.3282,486.3319,913.1940
82,2020-05-23,ward,470.0000,427.3367,439.4594,464.8773,492.1960,237.4457,465.6579,886.9014
83,2020-05-24,ward,458.0000,414.1740,429.6071,452.5455,479.9238,241.4463,465.5143,880.0998
84,2020-05-25,ward,459.0000,401.4752,420.9358,442.9957,467.7924,235.1865,441.2970,839.1377
85,2020-05-26,ward,442.0000,388.5628,409.5945,431.0319,454.8134,217.0691,436.0008,841.3452
86,2020-05-27,ward,444.0000,382.0202,395.8171,418.4597,443.6910,216.6559,412.4026,815.5260
87,2020-05-28,ward,447.0000,375.6671,387.7684,411.3920,437.0860,205.7058,402.7518,770.7618
88,2020-05-29,ward,463.0000,366.0800,368.7886,393.0849,422.2936,200.2707,392.7524,790.2992
89,2020-05-30,ward,451.0000,356.6104,357.5592,383.6336,412.4649,197.8890,384.4144,735.3792
90,2020-05-31,ward,410.0000,349.1654,355.7225,382.0156,409.7831,193.2071,377.4929,732.5384
91,2020-06-01,ward,407.0000,335.1559,344.4020,368.3856,396.7838,192.9889,363.4212,707.0381
92,2020-06-02,ward,374.0000,322.9417,331.9652,356.0053,383.5725,182.4702,360.3071,688.8985
93,2020-06-03,ward,372.0000,314.1269,322.8383,347.9706,374.4726,175.5261,350.5315,660.0407
94,2020-06-04,ward,387.0000,307.1787,316.1407,340.6993,366.8396,173.6686,334.7662,629.1454
95,2020-06-05,ward,363.0000,301.2677,311.5264,335.2623,361.0534,169.7805,334.0366,654.2738
96,2020-06-06,ward,357.0000,290.6014,300.7073,324.1558,348.2090,162.1606,321.8683,633.2419
97,2020-06-07,ward,340.0000,277.1784,288.8490,311.1034,334.3162,163.8748,303.2439,565.4130
98,2020-06-08,ward,311.0000,266.7676,279.8990,300.2623,322.4241,153.7882,298.7849,554.8657
99,2020-06-09,ward,329.0000,258.5459,272.5686,292.0425,313.9560,147.8768,288.0593,539.4075
100,2020-06-10,ward,347.0000,251.6694,266.5747,286.7509,308.5386,148.5055,277.3232,530.4355
101,2020-06-11,ward,345.0000,245.9505,261.5649,281.7380,303.2188,141.4202,274.0608,531.5016
102,2020-06-12,ward,367.0000,237.7674,253.9440,274.5534,295.7077,141.3764,276.1755,526.0184
103,2020-06-13,ward,351.0000,229.1388,246.1006,265.8957,286.5872,138.8337,267.5177,552.7195
104,2020-06-14,ward,346.0000,222.5929,239.9607,259.7327,280.6005,135.6638,256.5186,503.5269
105,2020-06-15,ward,358.0000,221.4558,240.1993,260.1474,281.5777,134.5152,263.4832,494.0163
106,2020-06-16,ward,352.0000,215.3403,240.2832,254.7035,275.8539,131.6072,253.2348,514.1755
107,2020-06-17,ward,366.0000,210.3311,236.6380,250.1119,270.4288,135.2163,253.6599,493.2443
108,2020-06-18,ward,349.0000,209.2863,235.1038,248.4398,268.9984,132.2292,253.4412,501.7177
109,2020-06-19,ward,355.0000,206.1265,231.4803,244.8565,265.3889,126.6307,245.3803,467.4177
110,2020-06-20,ward,352.0000,201.7742,227.2546,240.8923,261.1200,121.5631,244.0843,468.5628
111,2020-06-21,ward,338.0000,197.8092,223.8061,238.1291,258.2416,123.7450,238.9801,448.5308
112,2020-06-22,ward,352.0000,194.0963,222.6268,237.5104,257.6767,125.9814,235.8749,454.4972
113,2020-06-23,ward,369.0000,190.8780,223.0645,235.5714,254.8458,119.5854,238.5119,473.2668
114,2020-06-24,ward,356.0000,188.4461,232.7481,245.9651,266.8796,124.5901,243.3540,482.7362
115,2020-06-25,ward,369.0000,186.5860,229.0010,242.8813,264.6618,131.9447,244.7801,444.9250
116,2020-06-26,ward,390.0000,188.6360,230.9931,246.0513,267.7604,132.9505,246.0376,506.8370
117,2020-06-27,ward,372.0000,190.1267,230.2278,245.2357,266.8147,127.3485,246.2951,494.8497
118,2020-06-28,ward,383.0000,194.6048,233.6290,248.4368,269.5834,133.2161,250.8808,476.5452
119,2020-06-29,ward,418.0000,197.9025,232.5556,247.7690,269.2304,123.5116,248.9276,449.8928
120,2020-06-30,ward,418.0000,199.9168,233.7461,249.6043,270.7598,129.0179,251.0049,483.6953
121,2020-07-01,ward,424.0000,199.9681,233.2679,248.9467,270.0554,127.3604,247.9342,498.5973
122,2020-07-02,ward,433.0000,199.1192,232.7995,248.6217,269.8795,133.0527,246.2400,472.0711
123,2020-07-03,ward,423.0000,198.4360,231.8693,246.9860,268.0818,126.7235,249.4902,497.1949
124,2020-07-04,ward,416.0000,201.2282,231.7478,247.4815,268.1325,122.1262,246.1191,463.7797
125,2020-07-05,ward,431.0000,204.3770,234.1704,250.6029,271.4955,127.3564,250.2681,481.4510
126,2020-07-06,ward,439.0000,204.9990,235.0691,251.2106,272.0124,127.9614,253.7122,518.6199
127,2020-07-07,ward,435.0000,204.2417,234.9360,251.2009,271.6778,129.6606,257.2166,478.8616
128,2020-07-08,ward,438.0000,204.9963,236.1444,252.1675,272.6887,128.2712,251.2752,497.8915
129,2020-07-09,ward,414.0000,206.7209,236.9389,253.3522,274.2220,137.2038,252.0410,502.1727
130,2020-07-10,ward,405.0000,208.7126,237.7924,254.1923,274.7537,129.1098,259.9929,473.4331
131,2020-07-11,ward,391.0000,210.6463,238.3554,252.9417,274.4360,125.2234,252.8860,479.3419
132,2020-07-12,ward,398.0000,210.8776,235.6342,251.1259,271.9346,130.7399,252.0483,483.3484
133,2020-07-13,ward,404.0000,210.2164,234.3493,251.1089,271.4859,130.8442,250.7834,465.6643
134,2020-07-14,ward,403.0000,209.8931,235.1827,252.1311,272.0888,129.2376,254.9293,481.5637
135,2020-07-15,ward,410.0000,210.0517,234.3115,251.6791,272.1802,128.4972,256.5573,501.6864
136,2020-07-16,ward,404.0000,209.1755,232.6574,249.9511,270.1441,130.0110,255.6815,504.8439
137,2020-07-17,ward,380.0000,209.1697,231.7114,248.9726,268.9889,126.8871,250.4763,487.6049
138,2020-07-18,ward,387.0000,210.6878,231.6843,248.3193,268.1094,123.8985,247.3175,490.3189
139,2020-07-19,ward,378.0000,210.8799,231.2345,248.3090,267.7955,126.8726,240.0613,477.5799
140,2020-07-20,ward,393.0000,212.9632,231.8714,250.0245,269.5186,126.5468,248.5821,469.0167
141,2020-07-21,ward,377.0000,217.1086,234.7882,252.1140,272.4572,128.9410,254.6595,478.2095
142,2020-07-22,ward,380.0000,221.6334,239.2693,256.3621,277.2156,135.5004,258.6396,514.2094
143,2020-07-23,ward,372.0000,225.6123,242.4824,260.0790,280.4570,129.3133,262.8613,490.1261
144,2020-07-24,ward,368.0000,228.9774,244.1650,261.2616,281.4088,134.3124,258.8080,521.1953
145,2020-07-25,ward,360.0000,231.6757,246.9298,262.9911,282.8103,136.4169,261.1193,503.3675
146,2020-07-26,ward,355.0000,233.2266,248.6287,263.9626,284.0809,139.2487,263.2184,505.9702
147,2020-07-27,ward,369.0000,233.1233,249.3516,264.5669,284.5832,137.7386,262.2254,512.4514
148,2020-07-28,ward,361.0000,234.4163,250.7668,266.3662,286.4770,135.8930,271.2266,537.8879
149,2020-07-29,ward,360.0000,240.7691,253.0278,267.7654,286.9634,131.5906,272.1740,515.7161
150,2020-07-30,ward,361.0000,246.2383,256.0635,272.6634,296.6624,143.5632,272.7730,539.3938
151,2020-07-31,ward,340.0000,242.4138,255.3982,274.6014,295.8670,152.0618,273.3099,510.5390
152,2020-08-01,ward,335.0000,242.7429,257.4531,275.0539,296.4201,140.7964,272.4637,511.1384
153,2020-08-02,ward,337.0000,246.7824,262.7602,279.2224,298.8366,149.6959,281.0988,538.5242
154,2020-08-03,ward,348.0000,253.3192,267.4483,283.8065,305.2988,143.1664,284.7584,525.4905
155,2020-08-04,ward,357.0000,255.5708,269.7371,285.8045,306.9947,150.6933,282.3305,555.4658
156,2020-08-05,ward,343.0000,259.1997,274.6719,289.6681,311.0095,152.3865,290.8374,552.0821
157,2020-08-06,ward,327.0000,263.2575,280.0944,294.1886,314.6375,159.7377,298.0274,555.1407
158,2020-08-07,ward,320.0000,264.4699,282.6169,296.3563,317.5437,145.9219,296.4271,574.9913
159,2020-08-08,ward,324.0000,271.2079,289.0779,303.6497,324.2301,163.1207,307.3991,594.9549
160,2020-08-09,ward,333.0000,281.7365,292.7663,314.8138,334.0872,156.3980,310.5037,666.2751
161,2020-08-10,ward,345.0000,280.9600,291.8064,314.8214,336.4285,164.6385,312.9045,591.0375
162,2020-08-11,ward,330.0000,280.1039,288.7679,313.4524,332.9808,161.3921,315.0591,593.2238
163,2020-08-12,ward,327.0000,279.5632,288.3712,311.7206,331.3690,157.3325,301.8727,600.4992
164,2020-08-13,ward,319.0000,285.9963,294.4553,316.8950,337.6797,167.3725,316.2935,616.8133
165,2020-08-14,ward,307.0000,292.8210,303.3839,324.3566,343.7637,170.2204,325.2933,645.6055
166,2020-08-15,ward,283.0000,301.3862,311.7417,329.1288,349.8680,162.7296,328.6771,636.8163
167,2020-08-16,ward,286.0000,295.6558,304.3587,322.4307,343.3735,172.8353,328.2491,625.8884
168,2020-08-17,ward,297.0000,291.1875,301.8502,318.3617,337.4280,161.6633,314.0808,604.3087
169,2020-08-18,ward,298.0000,291.1196,305.7512,321.9801,340.8500,165.5172,319.6065,605.6825
170,2020-08-19,ward,294.0000,299.7701,313.7509,329.6147,348.6105,168.1310,331.3033,623.8375
171,2020-08-20,ward,295.0000,309.3870,322.5238,340.9812,360.9909,171.9701,346.7134,647.9876
172,2020-08-21,ward,280.0000,311.3211,325.7627,343.9354,366.4573,174.8905,338.2116,666.4492
173,2020-08-22,ward,274.0000,313.2325,328.6519,345.9302,367.7107,180.7663,341.8852,635.9847
174,2020-08-23,ward,270.0000,315.1751,332.0114,347.7526,368.6511,175.1345,355.0004,685.2357
175,2020-08-24,ward,277.0000,317.8961,332.5731,347.5664,366.7224,184.0464,342.3962,660.2722
176,2020-08-25,ward,284.0000,314.6128,328.2382,344.0014,363.8352,181.1671,344.6787,661.9721
177,2020-08-26,ward,273.0000,321.5793,331.8152,348.1864,370.7727,187.9057,349.0727,669.3973
178,2020-08-27,ward,282.0000,329.0299,337.8255,355.5437,376.8115,186.0297,355.0901,691.1543
179,2020-08-28,ward,296.0000,335.6558,343.7755,363.8070,385.6795,184.0357,364.9142,707.9620
180,2020-08-29,ward,284.0000,335.7288,345.3528,364.9754,386.6924,184.3851,351.8342,685.7355
181,2020-08-30,ward,300.0000,331.5081,342.3781,361.1393,383.3419,205.1715,370.8369,731.8855
182,2020-08-31,ward,308.0000,327.8655,340.3240,358.0127,378.5739,175.0856,353.8495,682.2142
183,2020-09-01,ward,306.0000,336.2934,349.8401,366.3428,386.5885,191.6621,368.9888,755.9649
184,2020-09-02,ward,296.0000,352.2509,361.3174,378.2874,398.6756,195.6360,383.3363,725.1368
185,2020-09-03,ward,290.0000,352.9607,361.5721,378.7346,399.4778,185.7279,382.2077,743.7781
186,2020-09-04,ward,299.0000,354.0350,362.8945,379.9271,398.5909,208.8978,387.3231,737.6877
187,2020-09-05,ward,304.0000,358.0700,366.0206,384.7135,402.8354,194.9225,380.8690,743.5568
188,2020-09-06,ward,311.0000,363.1471,370.8220,389.4742,408.3314,201.2451,388.2325,733.5513
189,2020-09-07,ward,332.0000,364.1750,373.9572,392.5423,410.9921,203.1388,391.6980,775.9907
190,2020-09-08,ward,344.0000,371.9045,378.5227,400.8171,420.8579,210.3684,399.2692,766.5071
191,2020-09-09,ward,339.0000,375.5473,382.6891,404.5500,423.7317,212.3878,410.8488,755.9774
192,2020-09-10,ward,349.0000,379.8429,385.2410,407.2324,426.3064,210.6164,401.4079,757.3645
193,2020-09-11,ward,350.0000,379.7457,384.1063,405.4772,423.1623,198.3159,406.5264,808.2763
194,2020-09-12,ward,379.0000,379.0144,382.2238,402.0761,419.2769,203.1935,403.7692,766.7214
195,2020-09-13,ward,395.0000,379.3099,381.3015,401.1513,418.5442,205.4118,400.4487,789.6183
196,2020-09-14,ward,416.0000,376.7524,381.1552,400.9074,417.9189,210.3085,391.0513,767.9952
197,2020-09-15,ward,419.0000,376.8265,381.8377,401.5373,418.6609,200.2966,402.3882,760.5006
198,2020-09-16,ward,421.0000,382.4696,380.0026,400.5022,419.5551,206.1779,403.1037,755.9229
199,2020-09-17,ward,421.0000,389.8082,379.9252,403.4731,423.9361,211.9046,401.5078,796.3698
200,2020-09-18,ward,408.0000,389.0449,378.2889,401.1865,422.4536,212.9395,413.8011,757.6547
201,2020-09-19,ward,433.0000,387.6629,375.7066,397.5033,417.6335,202.1903,399.9126,769.9942
202,2020-09-20,ward,448.0000,387.8269,375.8044,397.3012,416.5694,208.4947,403.3591,767.0501
203,2020-09-21,ward,457.0000,387.2520,375.6911,396.5603,415.6243,207.7717,411.3094,779.2929
204,2020-09-22,ward,476.0000,391.7522,378.8930,401.2854,419.5765,211.7097,400.4966,747.1367
205,2020-09-23,ward,494.0000,388.8622,378.5220,402.1796,421.5379,207.4524,401.8576,782.8275
206,2020-09-24,ward,503.0000,395.2872,383.5180,408.1978,428.7364,206.8162,409.8266,819.7595
207,2020-09-25,ward,538.0000,400.2061,388.5479,413.2129,433.7638,217.5983,410.3507,789.6044
208,2020-09-26,ward,530.0000,404.4129,390.4511,416.1140,436.4648,218.7426,419.8436,803.0103
209,2020-09-27,ward,546.0000,406.2588,391.6701,417.4874,437.9782,221.6024,416.6187,796.8204
210,2020-09-28,ward,561.0000,413.9603,398.1871,424.5949,445.3639,209.8192,423.6559,803.7335
211,2020-09-29,ward,562.0000,415.6604,398.7566,425.5729,446.3822,215.6225,431.1253,816.1491
212,2020-09-30,ward,561.0000,420.3887,404.4661,431.5953,452.2417,233.1342,432.2856,818.9166
213,2020-10-01,ward,575.0000,429.9665,414.5175,442.0844,463.6478,211.8606,430.7499,868.4955
214,2020-10-02,ward,575.0000,438.6731,421.2043,449.1561,471.0084,230.6231,454.0051,864.3612
215,2020-10-03,ward,562.0000,450.7616,431.6446,459.3787,481.7023,225.0758,456.6399,878.5575
216,2020-10-04,ward,577.0000,464.3054,444.4106,472.8550,495.6009,240.6536,476.6508,989.0228
217,2020-10-05,ward,595.0000,480.9545,460.1460,489.2471,512.8018,256.7689,489.7194,957.8060
218,2020-10-06,ward,628.0000,501.7062,480.7169,510.2088,534.9944,279.7056,516.3017,1015.4221
219,2020-10-07,ward,660.0000,520.3939,499.0528,529.4255,554.9037,272.9404,535.0515,996.8358
220,2020-10-08,ward,686.0000,539.3298,516.7889,547.8804,573.4624,283.7764,555.4102,1041.2661
221,2020-10-09,ward,686.0000,558.7026,533.6159,565.5905,591.4665,289.5640,564.0392,1099.6991
222,2020-10-10,ward,709.0000,575.4814,548.5333,580.9116,607.2187,307.4369,567.1262,1087.9051
223,2020-10-11,ward,719.0000,593.8638,561.2774,593.7936,620.2476,312.5241,602.7108,1107.5081
224,2020-10-12,ward,749.0000,615.4135,584.6751,616.8550,644.2732,323.3754,632.9990,1207.2239
225,2020-10-13,ward,784.0000,645.8752,613.0687,645.2780,674.4025,327.2738,634.9647,1198.7161
226,2020-10-14,ward,822.0000,675.1978,635.3688,668.2623,697.1471,345.5714,649.4429,1304.4560
227,2020-10-15,ward,854.0000,702.3510,664.2515,697.8970,728.9292,379.1450,702.7780,1376.3267
228,2020-10-16,ward,871.0000,728.2611,687.0181,721.4625,753.2347,360.9005,715.4492,1354.0219
229,2020-10-17,ward,864.0000,751.6831,708.2361,743.8418,776.1207,381.6174,748.3539,1436.7936
230,2020-10-18,ward,931.0000,792.2490,743.5181,781.5901,815.9498,394.3192,785.0898,1477.7706
231,2020-10-19,ward,1009.0000,821.1673,770.5658,809.8995,845.7083,407.1593,811.4103,1592.6804
232,2020-10-20,ward,1061.0000,847.4690,796.0998,834.7149,873.1733,437.4414,831.3903,1628.0419
233,2020-10-21,ward,1085.0000,873.2682,822.2897,861.5755,901.1486,457.5532,886.0435,1650.3556
234,2020-10-22,ward,1165.0000,903.2145,857.7131,898.0042,938.9931,454.8472,890.8151,1760.5962
235,2020-10-23,ward,1220.0000,942.7706,896.2857,937.5332,978.9589,464.7280,916.6872,1702.2281
236,2020-10-24,ward,1234.0000,992.1384,940.3111,983.4776,1026.8388,510.0917,1000.4179,1971.0672
237,2020-10-25,ward,1344.0000,1043.6879,986.3447,1030.3265,1074.7867,534.2319,1006.5118,2032.8125
238,2020-10-26,ward,1432.0000,1092.5635,1029.0973,1075.5853,1121.0703,588.9031,1075.1305,2061.2915
239,2020-10-27,ward,1494.0000,1137.2729,1068.5059,1119.2716,1166.3892,585.6635,1126.5035,2083.7184
240,2020-10-28,ward,1532.0000,1187.0392,1112.7927,1165.2214,1213.7106,603.6412,1182.7628,2301.8824
241,2020-10-29,ward,1565.0000,1248.9092,1168.6685,1222.6383,1273.7583,608.5462,1214.6518,2298.4954
242,2020-10-30,ward,1652.0000,1311.2365,1233.3087,1286.0404,1339.3973,703.2656,1290.1677,2582.0407
243,2020-10-31,ward,1686.0000,1368.6539,1286.7986,1346.2347,1401.9651,707.8713,1315.0261,2691.0246
244,2020-11-01,ward,1838.0000,1422.1566,1337.3360,1397.9611,1460.0852,716.7320,1389.0604,2605.7579
245,2020-11-02,ward,1961.0000,1502.4049,1408.1883,1471.7664,1541.2185,772.7393,1426.8072,2792.3583
246,2020-11-03,ward,2029.0000,1604.9773,1484.9675,1560.2352,1639.3752,805.8297,1575.9530,3012.3667
247,2020-11-04,ward,2012.0000,1688.5427,1555.0909,1632.7473,1711.8501,847.7705,1627.1427,3107.1309
248,2020-11-05,ward,2042.0000,1744.5071,1626.8953,1700.4195,1792.9058,897.7712,1742.4291,3458.6847
249,2020-11-06,ward,2085.0000,1796.1800,1666.5745,1747.2881,1855.4763,929.2233,1768.9605,3385.1858
250,2020-11-07,ward,2054.0000,1860.8110,1725.3875,1805.6930,1921.5709,925.3721,1806.7896,3382.8656
251,2020-11-08,ward,2144.0000,1930.0852,1784.4104,1867.5038,1976.7482,988.7390,1863.9523,3597.9365
252,2020-11-09,ward,2260.0000,2012.6760,1852.0735,1940.9774,2062.6060,985.0939,1959.7068,3685.9771
253,2020-11-10,ward,2360.0000,2108.4303,1928.4411,2020.6905,2146.9066,1063.2566,2010.4767,3863.1794
254,2020-11-11,ward,2394.0000,2228.2079,2030.6217,2126.5149,2255.5957,1104.0384,2162.0875,4268.4946
255,2020-11-12,ward,2411.0000,2344.2106,2126.1544,2238.5661,2369.9072,1108.3055,2231.3849,4440.3882
256,2020-11-13,ward,2411.0000,2450.2863,2212.6131,2337.5378,2470.3862,1159.7448,2386.5168,4312.2448
257,2020-11-14,ward,2385.0000,2549.6103,2297.1444,2433.8700,2563.7769,1237.5376,2395.6873,4488.4387
258,2020-11-15,ward,2514.0000,2643.6899,2375.3547,2520.8865,2655.5781,1285.7681,2477.9739,5015.7768
259,2020-11-16,ward,2614.0000,2767.3167,2479.2853,2636.0319,2779.3416,1369.7224,2653.0495,5309.8114
260,2020-11-17,ward,2597.0000,2930.3127,2618.5286,2786.1572,2939.1713,1329.1875,2717.9077,5245.0928
261,2020-11-18,ward,2619.0000,3041.5796,2712.1781,2887.6177,3044.7852,1443.2773,2939.7347,5694.5014
262,2020-11-19,ward,2559.0000,3152.1254,2805.2409,2988.2164,3154.8534,1608.7828,2996.5813,5915.3634
263,2020-11-20,ward,2598.0000,3253.2241,2890.5765,3081.3498,3255.5877,1541.4802,3099.8864,5884.4989
264,2020-11-21,ward,2540.0000,3335.7769,2961.0452,3158.3291,3338.9555,1621.2120,3198.0930,6152.1121
265,2020-11-22,ward,2660.0000,3401.7566,3018.7851,3220.8850,3406.6920,1654.4308,3151.8027,6053.1155
266,2020-11-23,ward,2743.0000,3461.8870,3069.5637,3280.3697,3468.7599,1711.4301,3324.3937,6438.4607
267,2020-11-24,ward,2769.0000,3516.4746,3123.0170,3335.3676,3526.1253,1678.7676,3283.0836,6691.2198
268,2020-11-25,ward,2734.0000,3555.0076,3168.0917,3379.8735,3571.0153,1745.5501,3403.9606,6321.1980
269,2020-11-26,ward,2676.0000,3572.3112,3190.1606,3403.3775,3595.1647,1721.3666,3411.9650,6597.1465
270,2020-11-27,ward,2682.0000,3591.1922,3215.0569,3429.4263,3622.1348,1702.1930,3492.7819,6802.3709
271,2020-11-28,ward,2626.0000,3606.1877,3239.5153,3453.6656,3647.0266,1686.7581,3460.3796,7042.7170
272,2020-11-29,ward,2709.0000,3611.3601,3257.2434,3471.7679,3664.3487,1799.6488,3407.5443,6565.9601
273,2020-11-30,ward,2817.0000,3608.2088,3266.4480,3482.8031,3675.0275,1823.9501,3578.0670,6818.2718
274,2020-12-01,ward,2754.0000,3624.2643,3295.3267,3513.4102,3706.8346,1830.5422,3533.6571,6547.0940
275,2020-12-02,ward,2813.0000,3663.6913,3353.2161,3572.1056,3769.2871,1780.2650,3563.1666,6996.0459
276,2020-12-03,ward,2805.0000,3695.2351,3412.3914,3629.7149,3829.6926,1895.6626,3525.0555,6606.0337
277,2020-12-04,ward,2769.0000,3692.6317,3435.1437,3649.0405,3844.4166,1933.1060,3640.5004,6750.3049
278,2020-12-05,ward,2712.0000,3701.1635,3469.5926,3680.6835,3878.2958,2007.8338,3729.9349,7288.0401
279,2020-12-06,ward,2754.0000,3687.8400,3482.3514,3689.9641,3887.9774,1840.7079,3701.7305,7276.3762
280,2020-12-07,ward,2854.0000,3670.3900,3480.8806,3693.6946,3890.9709,1853.3829,3637.2792,7388.9236
281,2020-12-08,ward,2764.0000,3666.3647,3490.1965,3714.1158,3902.8269,1911.6418,3739.9185,7287.2338
282,2020-12-09,ward,2828.0000,3662.1247,3513.0631,3734.7831,3926.8876,1916.9631,3699.9879,7009.1850
283,2020-12-10,ward,2795.0000,3646.4670,3521.4891,3743.7120,3943.5613,1959.6173,3809.6955,7146.0228
284,2020-12-11,ward,2723.0000,3606.4387,3504.6018,3724.6303,3922.5370,1941.8139,3667.5503,7374.0018
285,2020-12-12,ward,2590.0000,3558.2746,3480.4812,3691.8099,3874.0056,1968.7599,3690.4691,6943.2318
286,2020-12-13,ward,2644.0000,3503.0508,3439.7305,3652.3694,3841.0013,1910.2598,3654.0230,7033.4944
287,2020-12-14,ward,2741.0000,3442.9133,3396.3349,3610.7690,3802.8965,1865.9759,3640.7915,6715.4792
288,2020-12-15,ward,2700.0000,3377.2909,3340.5070,3562.6258,3756.3705,1810.1829,3571.3507,6830.1350
289,2020-12-16,ward,2695.0000,3306.1154,3280.3297,3508.2718,3702.0833,1830.2026,3430.1382,6689.5877
290,2020-12-17,ward,2648.0000,3228.2677,3208.2085,3443.3215,3639.7341,1703.9623,3487.0876,7279.7674
291,2020-12-18,ward,2577.0000,3144.0700,3129.5531,3370.4820,3563.9584,1718.3780,3416.1478,6560.9898
292,2020-12-19,ward,2488.0000,3064.6551,3055.6463,3300.1234,3493.8634,1726.8112,3287.9334,6846.0744
293,2020-12-20,ward,2544.0000,2990.9185,2987.6212,3232.9599,3429.1210,1609.3652,3184.5520,6437.0876
294,2020-12-21,ward,2656.0000,2917.0540,2918.7012,3167.0810,3359.1108,1582.7351,3142.0367,5931.3467
295,2020-12-22,ward,2587.0000,2834.6049,2838.0774,3086.8713,3280.5315,1647.9404,3104.1281,5801.1445
296,2020-12-23,ward,2479.0000,2755.5643,2757.6961,3003.0794,3196.6668,1594.0769,2996.9252,6004.0437
297,2020-12-24,ward,2348.0000,2663.5988,2667.7898,2914.2790,3108.9448,1473.1758,2953.0493,5624.2639
298,2020-12-25,ward,2250.0000,2560.8562,2585.7938,2831.2627,3027.5172,1545.9426,2838.1021,5561.3773
299,2020-12-26,ward,2277.0000,2480.6844,2526.9609,2771.6958,2970.1139,1421.7040,2708.1662,5531.4634
300,2020-12-27,ward,2366.0000,2418.5778,2471.4278,2718.1761,2916.1814,1415.9650,2738.0711,5327.9032
301,2020-12-28,ward,2464.0000,2356.8132,2416.3797,2665.4705,2861.5728,1392.4104,2601.8046,5268.9619
302,2020-12-29,ward,2444.0000,2298.4820,2358.2548,2613.3533,2807.8241,1350.1395,2631.1269,5164.5625
303,2020-12-30,ward,2409.0000,2245.9060,2306.8138,2567.0627,2766.9477,1243.4360,2589.8791,5010.7088
304,2020-12-31,ward,2358.0000,2188.8882,2255.1697,2519.7105,2721.6675,1260.0085,2498.3591,5076.8043
0,2020-03-02,icu,0.0000,0.0000,0.0000,0.0000,0.0000,-0.7000,-0.0155,2.0906
1,2020-03-03,icu,0.0000,0.0038,0.0028,0.0030,0.0031,-0.7253,0.0105,2.2636
2,2020-03-04,icu,0.0000,0.0270,0.0193,0.0207,0.0216,-0.7155,0.0060,2.1365
3,2020-03-05,icu,0.0000,0.0709,0.0500,0.0536,0.0559,-0.7014,0.0508,2.8904
4,2020-03-06,icu,0.0000,0.1243,0.0871,0.0933,0.0975,-0.6643,0.0691,2.2570
5,2020-03-07,icu,0.0000,0.1974,0.1389,0.1486,0.1552,-0.6446,0.1345,2.6678
6,2020-03-08,icu,0.0000,0.3107,0.2192,0.2346,0.2448,-0.6478,0.2449,3.4044
7,2020-03-09,icu,0.0000,0.4548,0.3220,0.3441,0.3598,-0.5729,0.3715,3.5591
8,2020-03-10,icu,0.0000,0.6222,0.4427,0.4730,0.4946,-0.5451,0.4484,3.7405
9,2020-03-11,icu,0.0000,0.8238,0.5887,0.6292,0.6577,-0.5090,0.6019,4.7215
10,2020-03-12,icu,0.0000,1.1065,0.7878,0.8428,0.8803,-0.4454,0.8434,5.5093
11,2020-03-13,icu,0.0000,1.4632,1.0478,1.1222,1.1707,-0.3235,1.1685,6.7724
12,2020-03-14,icu,10.0000,1.8512,1.3364,1.4316,1.4928,-0.3015,1.4299,7.0767
13,2020-03-15,icu,9.0000,2.2488,1.6388,1.7552,1.8305,-0.2216,1.9153,7.8921
14,2020-03-16,icu,18.0000,2.6847,1.9753,2.1167,2.2082,-0.0802,2.1258,8.8854
15,2020-03-17,icu,17.0000,3.1903,2.3650,2.5350,2.6452,0.0969,2.5652,10.1029
16,2020-03-18,icu,20.0000,3.8218,2.8647,3.0748,3.2143,0.2454,3.2583,12.3524
17,2020-03-19,icu,20.0000,4.5674,3.4748,3.7293,3.9029,0.4033,3.7041,15.2333
18,2020-03-20,icu,26.0000,5.4150,4.1677,4.4731,4.6863,0.7993,4.5162,20.9251
19,2020-03-21,icu,35.0000,6.3937,4.9655,5.3330,5.5868,1.1598,5.2999,19.2984
20,2020-03-22,icu,41.0000,7.5610,5.9045,6.3569,6.6627,1.1291,6.2497,23.5830
21,2020-03-23,icu,47.0000,8.9499,7.0379,7.5873,7.9579,1.5025,7.6747,23.6028
22,2020-03-24,icu,48.0000,10.5553,8.3424,9.0069,9.4555,1.9745,9.1098,30.0326
23,2020-03-25,icu,61.0000,12.4163,9.8905,10.6790,11.2114,2.6209,10.5394,38.0167
24,2020-03-26,icu,61.0000,14.6007,11.7210,12.6755,13.3027,3.3934,12.5020,46.9854
25,2020-03-27,icu,71.0000,17.1627,13.8819,15.0326,15.7748,4.0968,14.9426,54.1941
26,2020-03-28,icu,89.0000,20.0888,16.3751,17.7277,18.5942,4.6259,17.0956,61.2860
27,2020-03-29,icu,138.0000,23.3811,19.1937,20.8174,21.8491,5.3623,20.8791,68.6835
28,2020-03-30,icu,164.0000,27.1566,22.4966,24.4533,25.6723,6.7530,23.6765,76.8055
29,2020-03-31,icu,188.0000,31.5274,26.3204,28.7027,30.1254,7.5751,28.6924,98.3984
30,2020-04-01,icu,230.0000,36.6217,30.8122,33.6953,35.3570,9.1456,33.9793,117.8488
31,2020-04-02,icu,240.0000,42.3395,35.9031,39.3129,41.2411,10.7486,39.2524,129.4034
32,2020-04-03,icu,245.0000,48.5550,41.5066,45.4652,47.6848,14.0304,47.4783,145.7286
33,2020-04-04,icu,251.0000,55.2752,47.5229,52.1413,54.7225,15.9120,52.2686,163.6192
34,2020-04-05,icu,267.0000,62.2115,53.7829,59.0364,61.9696,16.2610,57.7313,203.3062
35,2020-04-06,icu,270.0000,69.2331,60.1543,66.0550,69.3400,20.3045,69.5284,205.0595
36,2020-04-07,icu,271.0000,76.3494,66.6090,73.1901,76.8550,19.2234,70.2077,256.7243
37,2020-04-08,icu,245.0000,83.5858,73.1911,80.4822,84.5425,22.2665,81.7422,269.0549
38,2020-04-09,icu,241.0000,90.9665,79.9049,87.9366,92.4108,25.5982,87.9066,306.5238
39,2020-04-10,icu,226.0000,98.5006,86.7935,95.5691,100.4771,27.9908,97.5982,317.2642
40,2020-04-11,icu,233.0000,106.2635,93.9309,103.4546,108.8183,28.6426,102.0493,325.2121
41,2020-04-12,icu,228.0000,114.0684,101.1136,111.3465,117.1549,33.7714,117.0099,358.2180
42,2020-04-13,icu,188.0000,121.6030,108.0790,118.9849,125.2164,37.1302,119.2489,377.3213
43,2020-04-14,icu,218.0000,128.8639,114.8416,126.3866,133.0329,38.4900,126.0992,414.6870
44,2020-04-15,icu,208.0000,135.9850,121.5128,133.7112,140.7514,38.5776,130.3423,416.3409
45,2020-04-16,icu,229.0000,142.8740,128.0030,140.8148,148.2198,42.1403,140.4853,441.2358
46,2020-04-17,icu,222.0000,149.2967,134.1334,147.5030,155.3002,41.4227,149.9854,486.3155
47,2020-04-18,icu,228.0000,155.1074,139.7374,153.5561,161.6817,46.7212,152.6466,517.5102
48,2020-04-19,icu,224.0000,160.4452,145.0168,159.0884,167.4685,46.9894,156.0073,535.6782
49,2020-04-20,icu,215.0000,165.4059,149.9956,164.1474,172.7661,52.6304,161.1628,505.4627
50,2020-04-21,icu,213.0000,169.8773,154.5021,168.7747,177.5645,51.6241,169.3046,600.1060
51,2020-04-22,icu,207.0000,173.6864,158.6835,172.9324,181.8859,48.7649,174.5141,576.4532
52,2020-04-23,icu,204.0000,177.1581,162.7416,176.8362,185.8970,54.7929,185.2310,609.8714
53,2020-04-24,icu,188.0000,180.1842,166.4274,180.2169,189.8303,53.2628,175.8530,577.4236
54,2020-04-25,icu,186.0000,182.7617,169.5932,183.1247,192.9172,52.2057,179.6293,697.8819
55,2020-04-26,icu,182.0000,185.0723,172.2888,185.6140,195.8084,61.4446,185.3664,578.2312
56,2020-04-27,icu,176.0000,187.0620,174.5974,187.9097,198.2767,61.0474,189.1040,641.7044
57,2020-04-28,icu,172.0000,188.8207,176.6924,189.9324,200.4464,55.9766,183.2275,698.7539
58,2020-04-29,icu,169.0000,190.4387,178.6479,191.8189,202.6163,55.2044,194.0714,644.7465
59,2020-04-30,icu,172.0000,191.8328,180.3914,193.4917,204.4917,60.7129,192.1178,623.9168
60,2020-05-01,icu,154.0000,192.8854,181.7978,194.9111,205.8835,60.0497,196.8953,547.7322
61,2020-05-02,icu,150.0000,193.5397,182.8260,195.8152,206.9220,55.7266,194.6844,620.5877
62,2020-05-03,icu,144.0000,193.7866,183.4535,196.3313,207.6532,58.0775,195.2619,588.4022
63,2020-05-04,icu,143.0000,193.7501,183.7010,196.5372,207.8816,56.3290,207.0565,592.3313
64,2020-05-05,icu,134.0000,193.6163,183.7332,196.4614,207.9952,57.1148,189.2046,675.6373
65,2020-05-06,icu,136.0000,193.3383,183.6607,196.2210,207.8179,54.9238,193.1250,600.2883
66,2020-05-07,icu,135.0000,192.9741,183.4979,195.8443,207.5206,54.9566,190.7582,640.6537
67,2020-05-08,icu,127.0000,192.3140,183.1135,195.3393,207.0104,56.8871,192.4342,687.1191
68,2020-05-09,icu,120.0000,191.2202,182.4529,194.4795,206.0832,58.9065,201.5960,669.0738
69,2020-05-10,icu,112.0000,189.8606,181.6442,193.2367,204.7971,61.6611,193.4743,644.6520
70,2020-05-11,icu,112.0000,188.4251,180.4838,191.8537,203.4480,62.2078,189.7398,696.2070
71,2020-05-12,icu,113.0000,186.8077,179.2003,190.3362,201.7769,58.2453,200.7966,648.0135
72,2020-05-13,icu,103.0000,185.0364,177.7212,188.6776,199.8867,54.9833,190.3658,622.4806
73,2020-05-14,icu,108.0000,183.1215,176.0737,186.8924,197.9929,57.0011,181.5990,595.8201
74,2020-05-15,icu,112.0000,181.0517,174.4728,184.9340,195.9352,51.0634,178.5513,576.4082
75,2020-05-16,icu,115.0000,178.8500,172.6733,182.7736,193.6832,50.2328,182.4893,607.6114
76,2020-05-17,icu,108.0000,176.4500,170.5641,180.4115,191.3061,56.4996,178.1615,624.6443
77,2020-05-18,icu,105.0000,173.9148,168.3136,177.8890,188.9861,52.9803,175.5933,582.3379
78,2020-05-19,icu,101.0000,171.2692,165.9208,175.2485,186.3605,55.8970,170.5507,558.1204
79,2020-05-20,icu,93.0000,168.4749,163.2879,172.4384,183.4783,50.5259,176.2699,555.4509
80,2020-05-21,icu,92.0000,165.5378,160.5612,169.5072,180.4828,51.6348,169.0772,576.4383
81,2020-05-22,icu,84.0000,162.4920,157.8617,166.5293,177.3886,48.8987,162.4510,561.2915
82,2020-05-23,icu,80.0000,159.3625,154.9245,163.4254,174.2004,52.0291,166.3676,552.3617
83,2020-05-24,icu,78.0000,156.2130,151.9128,160.3184,170.9785,45.8511,160.1495,555.9611
84,2020-05-25,icu,72.0000,153.0744,149.0786,157.2521,167.7328,46.4098,154.6888,529.2545
85,2020-05-26,icu,71.0000,149.9461,146.3738,154.3286,164.6321,42.3413,152.0051,516.1607
86,2020-05-27,icu,66.0000,146.8459,143.6729,151.3518,161.4853,43.1362,146.9206,491.5458
87,2020-05-28,icu,65.0000,143.8230,140.9776,148.4014,158.3971,44.5203,153.8064,467.7506
88,2020-05-29,icu,66.0000,140.8913,138.1781,145.4783,155.2984,42.7842,146.1352,471.9024
89,2020-05-30,icu,63.0000,138.0243,135.3593,142.5401,152.2117,44.7076,140.9965,475.3088
90,2020-05-31,icu,64.0000,135.1722,132.5860,139.6732,149.2560,34.9278,137.4860,469.2781
91,2020-06-01,icu,64.0000,132.3328,129.8739,136.8866,146.3736,40.5374,138.2737,447.5235
92,2020-06-02,icu,58.0000,129.5039,127.1650,134.0977,143.4483,36.3917,131.3017,466.5348
93,2020-06-03,icu,56.0000,126.6936,124.5189,131.3115,140.5006,39.3530,131.1353,415.1537
94,2020-06-04,icu,58.0000,123.9230,121.8372,128.5917,137.6945,38.0485,128.7404,402.9831
95,2020-06-05,icu,58.0000,121.2147,119.2367,125.9028,134.8768,37.3926,128.3912,450.2138
96,2020-06-06,icu,57.0000,118.5587,116.6913,123.2749,132.0188,37.1157,122.9168,404.4621
97,2020-06-07,icu,58.0000,115.9080,114.1584,120.6591,129.2335,35.4698,121.8866,399.1606
98,2020-06-08,icu,55.0000,113.2392,111.6162,118.0544,126.5047,36.9136,119.6325,373.4341
99,2020-06-09,icu,65.0000,110.5993,109.1166,115.4793,123.7261,35.7499,112.3727,367.3802
100,2020-06-10,icu,70.0000,108.0100,106.6680,112.9682,121.0594,32.6096,113.2188,395.7584
101,2020-06-11,icu,70.0000,105.4785,104.2936,110.5451,118.5174,35.7078,108.4971,358.8880
102,2020-06-12,icu,73.0000,102.9941,101.9672,108.1488,116.0327,33.9425,110.0129,336.3623
103,2020-06-13,icu,77.0000,100.5352,99.7245,105.7974,113.4814,29.9994,101.5361,322.9428
104,2020-06-14,icu,73.0000,98.1093,97.4574,103.4705,110.9646,30.1001,103.9216,408.6537
105,2020-06-15,icu,73.0000,95.7648,95.2796,101.1809,108.5812,31.0318,103.6545,343.8557
106,2020-06-16,icu,71.0000,93.4937,93.1884,98.9630,106.2821,26.6389,101.3928,357.0475
107,2020-06-17,icu,69.0000,91.2738,91.2033,96.8276,104.0433,28.5633,94.8216,317.2852
108,2020-06-18,icu,67.0000,89.1270,89.3332,94.7921,101.8772,28.5397,91.9896,313.4661
109,2020-06-19,icu,67.0000,87.0634,87.5205,92.8134,99.7831,22.9823,93.9689,295.1479
110,2020-06-20,icu,70.0000,85.0595,85.6771,90.8795,97.7470,27.8883,92.2158,302.8199
111,2020-06-21,icu,69.0000,83.1073,83.8925,89.0379,95.7652,27.6154,91.6481,305.0143
112,2020-06-22,icu,72.0000,81.2178,82.1950,87.2506,93.8973,25.9329,87.6546,291.8157
113,2020-06-23,icu,72.0000,79.3795,80.5764,85.5152,92.1056,25.3110,87.9140,280.2606
114,2020-06-24,icu,73.0000,77.5835,79.1043,83.9508,90.4365,24.7034,87.4381,287.0712
115,2020-06-25,icu,67.0000,75.8502,77.7391,82.4996,88.9000,24.5000,83.6975,278.5800
116,2020-06-26,icu,67.0000,74.2140,76.3810,81.1177,87.4508,24.5076,87.0642,271.8415
117,2020-06-27,icu,70.0000,72.6726,75.0943,79.7529,86.0964,25.7732,79.5165,254.8400
118,2020-06-28,icu,75.0000,71.2420,73.8668,78.5138,84.8064,23.1110,80.7837,279.7392
119,2020-06-29,icu,71.0000,69.9260,72.7684,77.3577,83.5926,20.3329,74.1736,250.8061
120,2020-06-30,icu,73.0000,68.7027,71.7188,76.2761,82.4071,20.8205,76.1970,248.6716
121,2020-07-01,icu,79.0000,67.5494,70.7173,75.2187,81.3503,22.7894,79.3851,270.8122
122,2020-07-02,icu,77.0000,66.4497,69.7542,74.1941,80.3516,23.0658,75.0432,292.9826
123,2020-07-03,icu,72.0000,65.3938,68.8313,73.2250,79.4065,22.0477,74.7578,266.3242
124,2020-07-04,icu,73.0000,64.3946,67.9457,72.2928,78.4967,19.5582,70.7155,236.9885
125,2020-07-05,icu,73.0000,63.4760,67.1185,71.4273,77.6544,20.2735,70.2938,236.8936
126,2020-07-06,icu,74.0000,62.6346,66.3412,70.5966,76.8755,20.2648,71.8860,248.0009
127,2020-07-07,icu,76.0000,61.8384,65.6043,69.8273,76.1299,21.6046,70.4164,246.5599
128,2020-07-08,icu,74.0000,61.0744,64.9089,69.1283,75.4159,21.7252,70.5109,236.9009
129,2020-07-09,icu,73.0000,60.3600,64.2556,68.4520,74.7366,20.8202,68.8030,246.3122
130,2020-07-10,icu,66.0000,59.6955,63.6385,67.8257,74.0649,19.4607,68.8296,235.1137
131,2020-07-11,icu,68.0000,59.0858,63.0613,67.2478,73.4606,20.5681,68.5872,256.6822
132,2020-07-12,icu,64.0000,58.5109,62.4976,66.6693,72.8644,19.2329,65.5086,225.5872
133,2020-07-13,icu,63.0000,57.9675,61.9489,66.1019,72.2790,19.2980,65.8215,240.5839
134,2020-07-14,icu,69.0000,57.4574,61.4196,65.5501,71.7347,19.7530,63.3996,204.1725
135,2020-07-15,icu,68.0000,56.9697,60.9154,65.0584,71.2529,19.4380,64.8585,208.1125
136,2020-07-16,icu,72.0000,56.4940,60.4212,64.5958,70.7914,21.3036,65.3782,204.3473
137,2020-07-17,icu,67.0000,56.0397,59.9347,64.1379,70.3365,18.7220,63.0314,203.5803
138,2020-07-18,icu,65.0000,55.6137,59.4691,63.6816,69.8819,16.4860,63.1588,211.8940
139,2020-07-19,icu,61.0000,55.2180,59.0249,63.2325,69.4285,17.5605,64.2553,209.4578
140,2020-07-20,icu,61.0000,54.8536,58.6321,62.8318,69.0006,20.7233,63.3985,202.3166
141,2020-07-21,icu,62.0000,54.5397,58.3085,62.4306,68.6204,18.6192,62.3443,217.0959
142,2020-07-22,icu,59.0000,54.2900,58.0347,62.1021,68.3077,20.7926,63.1892,205.6166
143,2020-07-23,icu,59.0000,54.1008,57.7888,61.8362,68.0579,18.6992,62.8795,224.7908
144,2020-07-24,icu,52.0000,53.9612,57.5887,61.6280,67.8356,19.3738,62.1833,205.7575
145,2020-07-25,icu,50.0000,53.8617,57.4238,61.4202,67.6290,18.0734,62.3630,196.1617
146,2020-07-26,icu,48.0000,53.7906,57.2558,61.2411,67.4334,19.2175,63.6958,227.8328
147,2020-07-27,icu,45.0000,53.7287,57.1022,61.0690,67.2519,18.2394,62.2679,199.5115
148,2020-07-28,icu,41.0000,53.6789,56.9708,60.9329,67.1370,17.8938,61.1810,174.4652
149,2020-07-29,icu,43.0000,53.6574,56.8651,60.8292,67.0260,16.4618,61.4112,206.9487
150,2020-07-30,icu,42.0000,53.7191,56.7962,60.7425,66.9991,17.5173,60.2189,207.9865
151,2020-07-31,icu,41.0000,53.7969,56.7193,60.6955,66.9293,18.7200,63.5376,214.1694
152,2020-08-01,icu,40.0000,53.8381,56.6751,60.6521,66.9418,18.4707,61.0390,214.8099
153,2020-08-02,icu,41.0000,53.8966,56.7349,60.6658,66.9558,18.5565,62.8966,216.9892
154,2020-08-03,icu,42.0000,54.0192,56.8493,60.7034,67.0340,17.1362,64.5598,207.5446
155,2020-08-04,icu,44.0000,54.1825,56.9395,60.7852,67.1555,17.2973,60.5445,201.3719
156,2020-08-05,icu,41.0000,54.3666,57.0677,60.8720,67.3036,17.0428,61.1607,233.6305
157,2020-08-06,icu,42.0000,54.5890,57.2347,61.0593,67.4846,18.5855,63.1473,211.7913
158,2020-08-07,icu,36.0000,54.8295,57.4550,61.2841,67.6825,18.6297,63.0469,206.1351
159,2020-08-08,icu,33.0000,55.0885,57.7090,61.4959,67.9231,15.8775,61.7244,207.1882
160,2020-08-09,icu,33.0000,55.4491,58.0441,61.8249,68.1975,19.4642,61.5984,216.3844
161,2020-08-10,icu,29.0000,55.8375,58.3082,62.1773,68.4990,17.8197,62.4297,211.3282
162,2020-08-11,icu,35.0000,56.2017,58.5982,62.4894,68.7495,17.6634,62.6348,209.7083
163,2020-08-12,icu,40.0000,56.5248,58.9033,62.7797,69.0204,19.0739,64.5404,190.3180
164,2020-08-13,icu,39.0000,56.8741,59.1868,63.1065,69.3440,17.7383,60.8033,218.5206
165,2020-08-14,icu,41.0000,57.2832,59.5378,63.4744,69.7251,18.5402,62.8740,191.4446
166,2020-08-15,icu,37.0000,57.7634,59.9133,63.8950,70.2621,19.4261,63.4945,208.3359
167,2020-08-16,icu,39.0000,58.2336,60.2992,64.2476,70.7482,21.0182,64.6758,220.4137
168,2020-08-17,icu,39.0000,58.6151,60.6063,64.5166,71.0491,17.0066,65.5835,210.6009
169,2020-08-18,icu,38.0000,58.9516,60.8842,64.7942,71.2680,18.9764,64.4330,213.7863
170,2020-08-19,icu,35.0000,59.3125,61.2002,65.1190,71.5412,20.0869,64.8158,222.4179
171,2020-08-20,icu,39.0000,59.7725,61.6248,65.5475,71.9992,19.9681,67.5157,218.5370
172,2020-08-21,icu,41.0000,60.2740,62.1312,66.0018,72.4312,19.8191,67.5288,230.4187
173,2020-08-22,icu,42.0000,60.7668,62.6477,66.4708,72.9391,18.6854,63.6993,227.7715
174,2020-08-23,icu,47.0000,61.2565,63.1487,66.9557,73.3775,19.2389,67.6874,232.3450
175,2020-08-24,icu,44.0000,61.7527,63.6300,67.4079,73.8674,18.8498,69.1035,216.9672
176,2020-08-25,icu,41.0000,62.2131,64.0554,67.8165,74.3084,19.2793,66.3395,211.3738
177,2020-08-26,icu,38.0000,62.6739,64.4486,68.2331,74.7364,21.0960,70.1251,253.8986
178,2020-08-27,icu,35.0000,63.1862,64.8658,68.6099,75.2361,22.4151,69.9835,226.0970
179,2020-08-28,icu,38.0000,63.7636,65.3088,69.0973,75.7916,20.4791,69.9438,233.4301
180,2020-08-29,icu,40.0000,64.3509,65.7744,69.6045,76.3871,19.8319,67.2873,222.7221
181,2020-08-30,icu,41.0000,64.8809,66.2442,70.0863,76.9175,20.6730,69.8538,240.6542
182,2020-08-31,icu,41.0000,65.3368,66.6237,70.5104,77.3635,20.7227,69.6728,242.0173
183,2020-09-01,icu,44.0000,65.7936,67.0431,70.9755,77.8015,20.9309,69.0248,220.8330
184,2020-09-02,icu,41.0000,66.3754,67.5834,71.4820,78.3189,22.1427,71.5333,223.3664
185,2020-09-03,icu,44.0000,67.0168,68.1750,72.0701,78.8273,22.6736,69.0569,239.1682
186,2020-09-04,icu,40.0000,67.6328,68.7453,72.6468,79.3363,21.1557,75.7250,232.7234
187,2020-09-05,icu,41.0000,68.2480,69.3104,73.1798,79.9041,20.5434,73.6820,244.5732
188,2020-09-06,icu,43.0000,68.8864,69.9184,73.7685,80.5705,21.6463,75.6552,258.5013
189,2020-09-07,icu,49.0000,69.5202,70.5414,74.3117,81.1746,21.5925,73.9466,244.1733
190,2020-09-08,icu,50.0000,70.1732,71.2090,74.8918,81.8368,21.7153,71.8620,244.3380
191,2020-09-09,icu,52.0000,70.8599,71.8846,75.5115,82.5376,22.2564,80.6675,246.5648
192,2020-09-10,icu,57.0000,71.5553,72.5589,76.1928,83.1470,21.6352,77.1673,288.8722
193,2020-09-11,icu,54.0000,72.2399,73.1961,76.7550,83.7563,23.2700,82.9462,279.5321
194,2020-09-12,icu,59.0000,72.8882,73.6994,77.3099,84.3010,21.7434,77.0653,269.1589
195,2020-09-13,icu,57.0000,73.5010,74.1688,77.7835,84.8285,23.0963,73.2887,245.7684
196,2020-09-14,icu,61.0000,74.0648,74.5962,78.2721,85.3143,22.7640,79.0073,271.4601
197,2020-09-15,icu,59.0000,74.5957,75.0857,78.7588,85.7026,22.4614,79.4229,263.1065
198,2020-09-16,icu,61.0000,75.1309,75.4593,79.2030,86.1285,23.3251,79.8061,272.2180
199,2020-09-17,icu,59.0000,75.7089,75.9375,79.6593,86.5612,24.8941,77.0127,270.8139
200,2020-09-18,icu,57.0000,76.2872,76.2967,80.1254,86.9464,22.8769,78.1808,283.0525
201,2020-09-19,icu,64.0000,76.8404,76.6904,80.5408,87.2692,23.7168,81.9066,270.3163
202,2020-09-20,icu,63.0000,77.3638,77.0146,80.8753,87.5599,22.5335,75.8494,268.3483
203,2020-09-21,icu,61.0000,77.8402,77.3164,81.2295,87.8358,25.4406,83.1076,274.0141
204,2020-09-22,icu,70.0000,78.3338,77.6315,81.5664,88.2029,25.3655,80.0658,288.0685
205,2020-09-23,icu,77.0000,78.7999,77.9350,81.8777,88.5705,24.0939,85.5660,274.3019
206,2020-09-24,icu,85.0000,79.2627,78.2109,82.2265,88.9116,24.4166,81.3197,270.2495
207,2020-09-25,icu,86.0000,79.7701,78.5286,82.5778,89.2647,23.4830,82.6231,252.7931
208,2020-09-26,icu,85.0000,80.3027,78.8712,82.9859,89.6545,24.1854,84.4178,278.8202
209,2020-09-27,icu,89.0000,80.8354,79.2147,83.4232,90.0278,24.3574,86.6302,287.0371
210,2020-09-28,icu,98.0000,81.4062,79.6064,83.8186,90.3945,23.2136,84.1196,290.2045
211,2020-09-29,icu,99.0000,81.9917,80.0023,84.2883,90.9126,24.5372,84.1830,292.8297
212,2020-09-30,icu,105.0000,82.5904,80.4032,84.7784,91.3735,26.2413,83.6883,284.3394
213,2020-10-01,icu,107.0000,83.2341,80.8628,85.3234,91.9895,26.6001,85.6742,276.7157
214,2020-10-02,icu,107.0000,83.9444,81.3594,85.9134,92.6241,24.5429,88.0826,297.3504
215,2020-10-03,icu,106.0000,84.7372,81.9113,86.6172,93.3165,24.5335,85.6899,280.8091
216,2020-10-04,icu,105.0000,85.6310,82.5623,87.4015,94.0922,26.1305,88.5524,289.8071
217,2020-10-05,icu,106.0000,86.6463,83.3157,88.2403,94.9931,26.0650,86.2650,303.1117
218,2020-10-06,icu,104.0000,87.8215,84.2267,89.2487,96.0733,24.4921,85.4487,310.0305
219,2020-10-07,icu,104.0000,89.1555,85.3107,90.4629,97.4147,26.2903,89.8310,299.3781
220,2020-10-08,icu,115.0000,90.6321,86.5159,91.8525,98.9276,26.0352,94.8989,304.6059
221,2020-10-09,icu,125.0000,92.2506,87.8920,93.3724,100.4918,27.5848,92.5097,306.2055
222,2020-10-10,icu,122.0000,93.9833,89.3784,94.9589,102.1359,27.3036,96.1197,295.7350
223,2020-10-11,icu,124.0000,95.8249,90.9338,96.6151,103.8472,30.5460,98.5832,325.0326
224,2020-10-12,icu,128.0000,97.7941,92.5599,98.4074,105.7919,27.3709,93.3142,296.1933
225,2020-10-13,icu,132.0000,99.9589,94.3905,100.4325,107.8715,28.5345,98.3034,308.3519
226,2020-10-14,icu,135.0000,102.3394,96.4504,102.6026,110.1455,30.3190,103.4419,327.1480
227,2020-10-15,icu,139.0000,104.9191,98.6590,104.9621,112.6700,31.0170,111.1489,378.1253
228,2020-10-16,icu,144.0000,107.6577,101.0240,107.5179,115.3957,34.6408,111.1820,370.5786
229,2020-10-17,icu,148.0000,110.5242,103.5422,110.1155,118.1514,33.0420,109.4488,385.6331
230,2020-10-18,icu,155.0000,113.6203,106.2649,112.9580,121.1175,32.3046,117.4143,386.9277
231,2020-10-19,icu,165.0000,116.9542,109.0898,115.9380,124.3810,33.4582,119.7548,410.3925
232,2020-10-20,icu,176.0000,120.4227,112.0128,119.1178,127.8561,37.3394,124.2475,397.0911
233,2020-10-21,icu,187.0000,124.0059,115.1324,122.4344,131.4284,37.0365,124.6296,450.0123
234,2020-10-22,icu,200.0000,127.7348,118.4785,125.8826,135.1024,35.8689,122.2043,411.8158
235,2020-10-23,icu,198.0000,131.6587,122.0443,129.5720,139.0201,40.4206,127.0949,436.5603
236,2020-10-24,icu,221.0000,135.8436,125.7795,133.6170,143.1824,40.3773,133.6626,477.0827
237,2020-10-25,icu,230.0000,140.4000,129.8889,137.8719,147.7155,38.5283,138.6135,474.2363
238,2020-10-26,icu,240.0000,145.3081,134.2881,142.4735,152.6390,42.8116,145.6825,476.2690
239,2020-10-27,icu,253.0000,150.4688,138.8248,147.3532,157.8092,44.2536,141.8346,487.8324
240,2020-10-28,icu,262.0000,155.8896,143.6085,152.4208,163.2117,47.7078,151.4539,486.2543
241,2020-10-29,icu,269.0000,161.6634,148.6128,157.8197,168.9299,43.8849,158.7993,552.5868
242,2020-10-30,icu,275.0000,167.8515,154.1516,163.5594,175.1136,49.8007,167.1280,496.8314
243,2020-10-31,icu,286.0000,174.4112,159.8815,169.6874,181.7798,48.5475,167.6984,586.7265
244,2020-11-01,icu,284.0000,181.2320,165.9711,176.2703,188.5350,51.5314,178.4920,528.9068
245,2020-11-02,icu,294.0000,188.4508,172.2673,183.0353,195.7698,58.8344,181.6959,604.2075
246,2020-11-03,icu,320.0000,196.3305,179.3554,190.3694,203.6663,56.1191,190.3319,668.2409
247,2020-11-04,icu,325.0000,204.8925,186.7195,198.3416,212.0163,57.0844,201.3439,681.8576
248,2020-11-05,icu,320.0000,213.7709,194.4834,206.5242,220.6768,61.5819,200.3279,660.4385
249,2020-11-06,icu,340.0000,222.7972,202.6133,215.0968,229.6426,64.9104,220.4731,710.9673
250,2020-11-07,icu,366.0000,232.0394,210.8430,223.6737,238.6071,63.5076,228.1694,710.6259
251,2020-11-08,icu,378.0000,241.5603,219.3067,232.5498,248.1314,72.7260,245.8531,830.5408
252,2020-11-09,icu,391.0000,251.4324,228.0295,241.6374,257.6483,67.4304,246.2097,756.8793
253,2020-11-10,icu,382.0000,261.7379,237.0486,251.0961,267.9301,79.4339,248.1521,828.7588
254,2020-11-11,icu,391.0000,272.7819,246.4764,261.0740,278.5730,75.7814,266.0836,842.5937
255,2020-11-12,icu,383.0000,284.6872,256.3231,271.9479,290.1218,76.6451,270.8017,944.7350
256,2020-11-13,icu,388.0000,297.1576,266.7695,283.1871,302.2387,80.2924,278.7754,965.4266
257,2020-11-14,icu,413.0000,310.1503,278.0980,295.0729,314.6880,84.3676,303.9346,912.1988
258,2020-11-15,icu,415.0000,323.5658,289.6668,307.3435,327.6936,90.7279,303.5212,1004.1014
259,2020-11-16,icu,426.0000,337.4708,301.0605,320.0101,341.0752,98.1163,312.7221,1120.6375
260,2020-11-17,icu,431.0000,352.3725,313.3859,333.5267,355.3332,98.4027,332.5451,1009.4799
261,2020-11-18,icu,432.0000,368.0125,326.7956,347.8174,370.2469,104.2126,345.1236,1110.1821
262,2020-11-19,icu,458.0000,384.2198,340.7416,362.5196,385.6514,106.3394,375.6348,1244.5659
263,2020-11-20,icu,481.0000,400.7569,354.9612,377.4588,401.3841,122.7686,369.6975,1332.2188
264,2020-11-21,icu,485.0000,417.3397,369.1984,392.3759,417.0109,115.8432,420.7324,1220.8042
265,2020-11-22,icu,491.0000,433.9570,383.0600,407.5903,432.6515,125.2597,417.1559,1498.9388
266,2020-11-23,icu,498.0000,450.5047,396.9079,422.7402,448.2990,132.8041,438.6513,1455.3537
267,2020-11-24,icu,506.0000,466.8986,410.6807,437.8779,464.4068,132.9053,433.5604,1458.0856
268,2020-11-25,icu,517.0000,483.0192,424.3187,452.7981,480.3920,135.7596,458.3473,1581.5403
269,2020-11-26,icu,516.0000,498.6182,437.6754,467.2047,495.1572,138.2380,446.0606,1701.1480
270,2020-11-27,icu,526.0000,513.6460,450.7170,481.2227,510.2429,145.2214,484.3987,1723.4628
271,2020-11-28,icu,529.0000,528.1707,463.5157,494.8118,525.0460,157.6824,503.1718,1590.7099
272,2020-11-29,icu,536.0000,542.1029,475.8191,507.8711,538.8443,166.5176,510.4877,1680.7093
273,2020-11-30,icu,525.0000,555.3029,487.3878,520.5102,552.0550,158.1065,499.1074,1748.5361
274,2020-12-01,icu,521.0000,567.9999,498.6236,532.7166,565.0803,167.1308,501.7992,1888.4507
275,2020-12-02,icu,525.0000,580.3852,509.5475,544.6128,577.2231,153.3652,539.0679,1724.8440
276,2020-12-03,icu,525.0000,592.4919,520.9738,556.8113,589.2301,181.0736,571.3837,1801.0756
277,2020-12-04,icu,526.0000,604.2361,532.5889,568.6557,601.8451,172.7996,552.7853,1832.8433
278,2020-12-05,icu,517.0000,615.4684,543.0298,580.1818,614.4392,173.5232,577.6782,1833.7980
279,2020-12-06,icu,514.0000,625.9930,552.9542,591.2908,626.2545,159.6578,590.5546,2112.1551
280,2020-12-07,icu,513.0000,635.8339,562.3709,602.1454,637.7368,178.6230,586.9139,2068.8010
281,2020-12-08,icu,499.0000,645.1209,571.3904,612.7453,648.6683,182.0035,622.5664,2067.5063
282,2020-12-09,icu,504.0000,653.9433,580.8567,622.8215,658.9378,195.3644,624.3052,1986.3297
283,2020-12-10,icu,509.0000,662.2541,590.3369,632.9488,669.1716,200.4594,640.6321,2055.5162
284,2020-12-11,icu,507.0000,669.8176,599.3206,642.2985,679.1153,174.5889,655.3886,2125.4589
285,2020-12-12,icu,503.0000,676.5267,607.3282,650.9830,688.0358,203.9804,671.8735,2236.5651
286,2020-12-13,icu,513.0000,682.3397,614.3929,658.7028,695.9734,208.3358,679.4925,2225.7693
287,2020-12-14,icu,513.0000,687.1849,620.6527,665.5953,703.0423,190.6519,688.2535,2255.5470
288,2020-12-15,icu,506.0000,691.1088,626.1621,671.6759,709.3263,189.1294,678.4778,2389.5803
289,2020-12-16,icu,486.0000,694.1559,630.2738,676.9943,713.8680,195.3410,679.3687,2168.8433
290,2020-12-17,icu,494.0000,696.2727,634.1548,681.3731,718.8436,209.4718,697.4689,2061.9385
291,2020-12-18,icu,484.0000,697.3465,636.8835,684.0192,722.2611,181.0612,674.2017,2373.4492
292,2020-12-19,icu,485.0000,697.4700,638.3636,686.2706,724.6446,174.4841,689.5134,2256.2017
293,2020-12-20,icu,483.0000,696.7350,639.7266,688.0648,726.5840,199.4153,674.3659,2170.1638
294,2020-12-21,icu,502.0000,695.1974,640.1517,688.8918,727.3329,194.6210,711.2408,2479.7832
295,2020-12-22,icu,508.0000,692.8897,640.0401,689.2142,727.5194,195.7720,679.3667,2229.7025
296,2020-12-23,icu,511.0000,689.7991,638.2287,688.3937,726.9227,216.0051,687.5188,2316.8732
297,2020-12-24,icu,505.0000,685.8928,636.5074,686.3384,725.3556,208.9550,697.6941,2236.8896
298,2020-12-25,icu,504.0000,681.1674,634.0052,683.9555,722.9263,207.0990,677.7250,2370.2951
299,2020-12-26,icu,513.0000,675.6582,630.9201,681.0708,719.5124,190.6412,645.8993,2348.2466
300,2020-12-27,icu,504.0000,669.6365,627.4270,677.1797,715.4850,220.6885,679.9972,2502.8567
301,2020-12-28,icu,503.0000,663.2140,623.5930,672.9763,711.2827,207.4516,699.1301,2390.1447
302,2020-12-29,icu,486.0000,656.4345,619.7125,668.5345,707.4529,201.9774,663.2697,2215.2834
303,2020-12-30,icu,487.0000,649.3906,615.4886,663.7178,703.3441,197.0805,675.2004,2238.4020
304,2020-12-31,icu,482.0000,642.0907,610.4273,658.5858,697.8202,203.1643,682.2846,2520.3101
0,2020-03-02,deaths,0.0000,0.0000,0.0000,0.0000,0.0000,-0.6127,0.0227,1.7881
1,2020-03-03,deaths,0.0000,0.0057,0.0040,0.0042,0.0045,-0.6280,0.0071,1.6097
2,2020-03-04,deaths,0.0000,0.0349,0.0239,0.0253,0.0267,-0.5924,-0.0180,1.7274
3,2020-03-05,deaths,0.0000,0.0691,0.0467,0.0495,0.0522,-0.6170,0.0221,1.8021
4,2020-03-06,deaths,0.0000,0.0906,0.0612,0.0647,0.0681,-0.6257,0.0208,1.9914
5,2020-03-07,deaths,0.0000,0.1273,0.0872,0.0921,0.0969,-0.6150,0.0701,1.8677
6,2020-03-08,deaths,0.0000,0.1949,0.1335,0.1411,0.1487,-0.6012,0.1182,2.1799
7,2020-03-09,deaths,0.0000,0.2536,0.1744,0.1842,0.1948,-0.5821,0.1996,2.4671
8,2020-03-10,deaths,0.0000,0.3044,0.2117,0.2233,0.2361,-0.5612,0.2183,2.4126
9,2020-03-11,deaths,0.0000,0.3731,0.2609,0.2755,0.2910,-0.5384,0.2075,2.5792
10,2020-03-12,deaths,0.0000,0.5101,0.3494,0.3702,0.3903,-0.5241,0.3286,2.7827
11,2020-03-13,deaths,0.0000,0.6453,0.4527,0.4813,0.5074,-0.4465,0.4796,3.4621
12,2020-03-14,deaths,0.0000,0.7285,0.5190,0.5499,0.5810,-0.4216,0.5497,3.3114
13,2020-03-15,deaths,0.0000,0.7845,0.5674,0.6025,0.6375,-0.4293,0.5708,3.3017
14,2020-03-16,deaths,0.0000,0.8836,0.6459,0.6884,0.7287,-0.3593,0.7406,3.6400
15,2020-03-17,deaths,1.0000,1.0302,0.7569,0.8047,0.8518,-0.3461,0.7556,3.7955
16,2020-03-18,deaths,0.0000,1.2620,0.9409,1.0101,1.0709,-0.2726,0.9635,4.4585
17,2020-03-19,deaths,2.0000,1.4916,1.1337,1.2211,1.2957,-0.2226,1.2633,5.1261
18,2020-03-20,deaths,3.0000,1.7145,1.3119,1.4121,1.4973,-0.1246,1.5304,5.3519
19,2020-03-21,deaths,6.0000,1.9895,1.5333,1.6418,1.7403,-0.0660,1.5829,6.7114
20,2020-03-22,deaths,2.0000,2.3581,1.8230,1.9520,2.0679,0.0777,1.8880,6.7700
21,2020-03-23,deaths,9.0000,2.7921,2.1699,2.3362,2.4764,0.2454,2.3111,8.6582
22,2020-03-24,deaths,10.0000,3.2413,2.5213,2.7182,2.8819,0.3143,2.6334,10.1141
23,2020-03-25,deaths,10.0000,3.7669,2.9679,3.1933,3.3883,0.4466,3.1879,10.8072
24,2020-03-26,deaths,17.0000,4.4131,3.5226,3.7867,4.0208,0.8437,3.8003,13.0792
25,2020-03-27,deaths,16.0000,5.1674,4.1539,4.4784,4.7496,0.9588,4.4092,13.7485
26,2020-03-28,deaths,24.0000,5.9459,4.7632,5.1679,5.4605,1.3132,5.0182,16.7455
27,2020-03-29,deaths,19.0000,6.7555,5.4951,5.9817,6.3587,1.5598,5.8685,18.3090
28,2020-03-30,deaths,21.0000,7.7718,6.4411,7.0234,7.4472,2.0450,7.1441,21.5206
29,2020-03-31,deaths,20.0000,8.9965,7.5090,8.1957,8.6760,2.1399,7.8672,23.9272
30,2020-04-01,deaths,27.0000,10.4511,8.7719,9.5908,10.1731,2.6374,9.3871,28.5435
31,2020-04-02,deaths,22.0000,11.8308,9.9755,10.9281,11.6050,3.0880,10.7527,29.6682
32,2020-04-03,deaths,37.0000,13.0698,11.0658,12.1450,12.9017,3.7607,11.8431,34.9951
33,2020-04-04,deaths,20.0000,14.3594,12.1973,13.4006,14.2428,4.5296,13.3949,37.6832
34,2020-04-05,deaths,29.0000,15.2793,13.0073,14.2955,15.1975,4.7827,14.7192,39.2681
35,2020-04-06,deaths,16.0000,16.0206,13.6858,15.0494,16.0034,4.7688,14.9228,41.4166
36,2020-04-07,deaths,34.0000,16.7716,14.3711,15.8081,16.8113,5.3569,16.1295,49.3617
37,2020-04-08,deaths,35.0000,17.5259,15.0741,16.5868,17.6649,5.6777,17.2527,49.5406
38,2020-04-09,deaths,29.0000,18.3495,15.8364,17.4215,18.6501,5.9108,17.9694,52.1592
39,2020-04-10,deaths,26.0000,19.2216,16.6506,18.2866,19.4566,6.1731,18.0244,57.5890
40,2020-04-11,deaths,35.0000,20.1619,17.5249,19.2059,20.4222,6.4541,18.8674,51.4672
41,2020-04-12,deaths,34.0000,20.8446,18.1209,19.8400,21.0883,6.2807,19.9323,57.0577
42,2020-04-13,deaths,31.0000,21.0863,18.3762,20.0964,21.4175,6.3099,20.6127,54.3661
43,2020-04-14,deaths,32.0000,21.2920,18.6240,20.3729,21.7303,7.3313,21.6934,57.6716
44,2020-04-15,deaths,32.0000,21.6851,19.0158,20.7884,22.1619,6.9969,21.4844,54.4852
45,2020-04-16,deaths,30.0000,21.9247,19.2718,21.0755,22.4844,6.8552,21.4376,59.2707
46,2020-04-17,deaths,28.0000,21.8173,19.2757,21.0726,22.4879,6.7161,21.3227,61.5549
47,2020-04-18,deaths,30.0000,21.4673,19.0381,20.7222,22.1396,7.0913,20.5990,55.7700
48,2020-04-19,deaths,27.0000,21.2499,19.0154,20.4917,21.9381,6.7611,20.1280,63.2134
49,2020-04-20,deaths,21.0000,21.1340,18.9409,20.3101,21.7669,6.7474,19.7235,60.7060
50,2020-04-21,deaths,27.0000,20.8306,18.6764,20.0682,21.5099,6.3070,20.0707,54.0152
51,2020-04-22,deaths,23.0000,20.2439,18.4421,19.7247,21.1468,6.1150,18.8734,56.7970
52,2020-04-23,deaths,35.0000,20.0512,18.3395,19.6819,21.1220,6.3442,19.6363,60.1975
53,2020-04-24,deaths,34.0000,19.6943,18.0732,19.3950,20.9314,6.3831,19.3808,54.0067
54,2020-04-25,deaths,26.0000,19.2799,17.6608,18.9360,20.4457,6.5923,19.4263,52.7084
55,2020-04-26,deaths,23.0000,19.0850,17.4979,18.6950,20.1981,5.6760,19.3194,52.0885
56,2020-04-27,deaths,25.0000,18.7998,17.2712,18.4589,19.9297,6.2888,18.7861,55.3603
57,2020-04-28,deaths,20.0000,18.6057,17.1273,18.2593,19.7349,5.9129,18.5124,50.4321
58,2020-04-29,deaths,25.0000,18.5201,17.0337,18.1721,19.5744,6.0087,17.9780,48.2291
59,2020-04-30,deaths,16.0000,18.3105,16.9034,18.0202,19.4132,5.5933,17.7718,49.4144
60,2020-05-01,deaths,18.0000,17.9303,16.5967,17.7155,19.0815,5.5259,18.0364,48.0939
61,2020-05-02,deaths,16.0000,17.4368,16.1831,17.2942,18.6148,5.6504,17.1366,51.0187
62,2020-05-03,deaths,20.0000,16.8920,15.6943,16.7897,18.0798,5.4316,16.7233,47.8940
63,2020-05-04,deaths,20.0000,16.4901,15.2969,16.2797,17.5033,5.3173,16.3898,45.6203
64,2020-05-05,deaths,11.0000,16.3242,15.0273,15.9362,17.1767,5.2030,15.7530,43.2462
65,2020-05-06,deaths,15.0000,16.0898,14.6567,15.6195,16.8929,5.0157,15.7755,47.7056
66,2020-05-07,deaths,16.0000,15.9199,14.5287,15.4958,16.7633,5.6318,15.2561,42.7117
67,2020-05-08,deaths,9.0000,15.4595,14.3798,15.2855,16.5652,4.6398,14.8286,45.0554
68,2020-05-09,deaths,12.0000,14.7819,13.8258,14.6568,15.8687,4.9989,14.7877,44.5696
69,2020-05-10,deaths,9.0000,14.2999,13.3440,14.1418,15.2926,4.2658,13.7717,39.1734
70,2020-05-11,deaths,9.0000,14.0637,13.1214,13.8560,15.0015,4.7868,13.7995,40.4498
71,2020-05-12,deaths,19.0000,13.6787,12.7740,13.5405,14.6310,4.5424,13.7128,38.5155
72,2020-05-13,deaths,12.0000,13.3021,12.4700,13.1780,14.3160,4.5703,12.8231,36.8512
73,2020-05-14,deaths,9.0000,12.9464,12.1113,12.8651,13.9775,3.8378,13.2418,39.2817
74,2020-05-15,deaths,6.0000,12.5578,11.7666,12.4994,13.5747,4.2152,12.5372,35.5476
75,2020-05-16,deaths,13.0000,12.1897,11.3364,12.0730,13.1771,3.3542,11.6579,36.2692
76,2020-05-17,deaths,15.0000,11.7196,10.8990,11.6240,12.6961,3.5881,11.2375,34.6153
77,2020-05-18,deaths,13.0000,11.3210,10.5488,11.2625,12.2747,3.3316,11.3471,34.2623
78,2020-05-19,deaths,16.0000,10.9464,10.2106,10.8765,11.8578,3.0991,10.8849,31.1521
79,2020-05-20,deaths,16.0000,10.5118,9.8243,10.4321,11.3688,3.0609,10.6158,33.1965
80,2020-05-21,deaths,14.0000,10.0724,9.4506,10.0482,10.9078,3.2555,10.3952,32.8744
81,2020-05-22,deaths,12.0000,9.6703,9.0847,9.6969,10.5499,2.6673,9.5363,28.4472
82,2020-05-23,deaths,13.0000,9.2940,8.7649,9.3557,10.1879,3.0332,9.3528,28.3824
83,2020-05-24,deaths,14.0000,8.9984,8.5312,9.0997,9.9010,2.8544,9.1441,27.3809
84,2020-05-25,deaths,14.0000,8.7484,8.3571,8.9040,9.6892,2.6351,9.1064,25.4867
85,2020-05-26,deaths,12.0000,8.4988,8.1795,8.7042,9.4584,2.5996,8.3640,25.8905
86,2020-05-27,deaths,14.0000,8.2901,7.9606,8.4673,9.1906,2.6120,8.6811,26.2431
87,2020-05-28,deaths,13.0000,8.1268,7.7965,8.2939,9.0122,2.6303,8.4874,22.4278
88,2020-05-29,deaths,14.0000,7.9740,7.5752,8.0689,8.7739,2.4131,8.2704,25.5986
89,2020-05-30,deaths,13.0000,7.8062,7.3234,7.8173,8.5398,2.4764,8.1615,25.3674
90,2020-05-31,deaths,14.0000,7.6077,7.1834,7.6981,8.3983,2.1997,7.7546,23.1157
91,2020-06-01,deaths,14.0000,7.3894,7.0592,7.5384,8.2107,2.0740,7.6131,23.3774
92,2020-06-02,deaths,12.0000,7.1553,6.8344,7.3132,7.9868,2.2032,7.6638,20.9308
93,2020-06-03,deaths,11.0000,6.9380,6.6394,7.1282,7.7731,2.0140,6.8738,20.5189
94,2020-06-04,deaths,8.0000,6.7657,6.4866,6.9717,7.6217,2.0078,7.0110,19.8996
95,2020-06-05,deaths,10.0000,6.6203,6.3746,6.8470,7.4852,1.8388,6.8043,21.1506
96,2020-06-06,deaths,9.0000,6.4599,6.1909,6.6895,7.3206,1.7520,6.6990,20.2924
97,2020-06-07,deaths,5.0000,6.2432,5.9938,6.4648,7.0966,1.7522,6.6024,18.5331
98,2020-06-08,deaths,6.0000,5.9995,5.7847,6.2515,6.8718,1.5553,6.4133,18.8925
99,2020-06-09,deaths,7.0000,5.8155,5.6248,6.0708,6.6638,1.5721,6.1260,19.4304
100,2020-06-10,deaths,5.0000,5.6633,5.5099,5.9415,6.5133,1.4807,5.7107,18.8603
101,2020-06-11,deaths,7.0000,5.5272,5.3962,5.8374,6.3916,1.6462,5.8474,17.4210
102,2020-06-12,deaths,1.0000,5.3810,5.2739,5.7147,6.2583,1.5011,5.8984,17.7959
103,2020-06-13,deaths,7.0000,5.2081,5.1270,5.5547,6.0912,1.3321,5.7837,17.7187
104,2020-06-14,deaths,5.0000,5.0485,4.9868,5.4136,5.9364,1.3836,5.4093,18.2504
105,2020-06-15,deaths,3.0000,4.9584,4.9280,5.3449,5.8759,1.1851,5.5136,16.3854
106,2020-06-16,deaths,2.0000,4.8672,4.8608,5.2762,5.8041,1.2586,5.3858,16.6914
107,2020-06-17,deaths,1.0000,4.7475,4.8122,5.1843,5.7049,1.2473,5.2405,14.7533
108,2020-06-18,deaths,1.0000,4.6638,4.7498,5.1124,5.6265,1.0644,5.0527,15.7415
109,2020-06-19,deaths,3.0000,4.6056,4.6800,5.0438,5.5583,1.1661,5.0442,16.8669
110,2020-06-20,deaths,1.0000,4.5188,4.5913,4.9602,5.4716,1.1127,4.9091,14.7342
111,2020-06-21,deaths,2.0000,4.4268,4.5150,4.8800,5.3874,1.1634,5.0289,15.0540
112,2020-06-22,deaths,4.0000,4.3506,4.4613,4.8396,5.3399,1.0679,4.9641,15.1347
113,2020-06-23,deaths,6.0000,4.2712,4.4223,4.7902,5.2878,1.1047,4.7271,14.9365
114,2020-06-24,deaths,3.0000,4.1918,4.4894,4.8465,5.3457,1.1827,4.9190,15.7298
115,2020-06-25,deaths,6.0000,4.1361,4.5184,4.8787,5.3919,1.2077,5.0615,15.3130
116,2020-06-26,deaths,6.0000,4.1266,4.4974,4.8467,5.3889,1.1075,4.8089,14.9894
117,2020-06-27,deaths,6.0000,4.1300,4.4976,4.8546,5.3752,1.1905,5.0390,15.8186
118,2020-06-28,deaths,3.0000,4.1614,4.5068,4.8618,5.3819,1.3649,4.9297,14.9900
119,2020-06-29,deaths,4.0000,4.2082,4.5065,4.8584,5.3798,1.1609,4.9233,15.9921
120,2020-06-30,deaths,8.0000,4.2346,4.4948,4.8570,5.3821,1.0937,4.8112,16.3615
121,2020-07-01,deaths,3.0000,4.2374,4.4873,4.8566,5.3744,1.1748,4.6959,13.7376
122,2020-07-02,deaths,8.0000,4.2212,4.4706,4.8412,5.3592,1.0881,4.8559,15.8350
123,2020-07-03,deaths,11.0000,4.1976,4.4658,4.8182,5.3357,1.2027,5.0067,14.5638
124,2020-07-04,deaths,7.0000,4.1990,4.4484,4.7965,5.3132,1.1063,4.7744,15.5094
125,2020-07-05,deaths,9.0000,4.2333,4.4600,4.8129,5.3329,1.2614,4.8406,16.2813
126,2020-07-06,deaths,6.0000,4.2662,4.4884,4.8313,5.3568,1.0678,4.8113,15.8306
127,2020-07-07,deaths,9.0000,4.2655,4.4832,4.8300,5.3483,1.1355,5.0174,15.5085
128,2020-07-08,deaths,2.0000,4.2512,4.4799,4.8314,5.3512,1.0935,4.6792,15.8421
129,2020-07-09,deaths,13.0000,4.2640,4.4856,4.8452,5.3642,1.3306,4.6560,14.0518
130,2020-07-10,deaths,2.0000,4.2837,4.5047,4.8554,5.3674,1.0009,4.8759,14.5199
131,2020-07-11,deaths,8.0000,4.3110,4.5181,4.8578,5.3677,1.1032,4.7533,14.4246
132,2020-07-12,deaths,6.0000,4.3193,4.4839,4.8356,5.3444,1.3807,4.9949,14.7122
133,2020-07-13,deaths,2.0000,4.3186,4.4552,4.8170,5.3175,1.2331,4.8977,14.4788
134,2020-07-14,deaths,6.0000,4.3181,4.4527,4.8192,5.3233,1.0697,4.8918,15.4914
135,2020-07-15,deaths,8.0000,4.3132,4.4586,4.8262,5.3262,1.1462,4.7241,14.7190
136,2020-07-16,deaths,3.0000,4.3017,4.4414,4.8124,5.3078,0.9865,4.6516,15.1616
137,2020-07-17,deaths,3.0000,4.2973,4.4240,4.7930,5.2836,1.0834,4.6497,16.3524
138,2020-07-18,deaths,2.0000,4.3033,4.4248,4.7767,5.2665,1.1049,4.7946,15.1743
139,2020-07-19,deaths,5.0000,4.3164,4.4202,4.7720,5.2583,0.9821,4.7004,15.0726
140,2020-07-20,deaths,2.0000,4.3327,4.4225,4.7845,5.2705,0.9713,4.6149,14.5254
141,2020-07-21,deaths,6.0000,4.3802,4.4562,4.8110,5.3032,1.1074,4.7687,14.5072
142,2020-07-22,deaths,5.0000,4.4490,4.5041,4.8544,5.3537,1.1749,4.9885,15.0836
143,2020-07-23,deaths,3.0000,4.5176,4.5641,4.9151,5.4159,1.1886,4.7767,16.6966
144,2020-07-24,deaths,7.0000,4.5760,4.5965,4.9492,5.4436,1.1700,4.9487,15.7223
145,2020-07-25,deaths,4.0000,4.6250,4.6307,4.9721,5.4664,1.1045,5.0464,15.2133
146,2020-07-26,deaths,1.0000,4.6621,4.6609,4.9989,5.4821,1.2020,5.1014,16.2247
147,2020-07-27,deaths,2.0000,4.6746,4.6774,5.0113,5.5082,1.2793,5.1285,14.1466
148,2020-07-28,deaths,3.0000,4.6906,4.6907,5.0276,5.5233,1.2189,5.0938,16.2300
149,2020-07-29,deaths,3.0000,4.7342,4.7234,5.0587,5.5309,1.1791,4.8640,16.0527
150,2020-07-30,deaths,2.0000,4.8503,4.7952,5.1085,5.6239,1.2279,5.0224,15.9444
151,2020-07-31,deaths,8.0000,4.8796,4.8002,5.1696,5.6799,1.2170,5.0882,15.0280
152,2020-08-01,deaths,2.0000,4.8431,4.8165,5.1706,5.6733,1.2727,5.0215,15.0018
153,2020-08-02,deaths,1.0000,4.8764,4.8750,5.2187,5.6993,1.4174,5.2691,16.6118
154,2020-08-03,deaths,0.0000,4.9744,4.9635,5.2954,5.7867,1.2837,5.2738,17.2192
155,2020-08-04,deaths,1.0000,5.0464,5.0173,5.3422,5.8401,1.2277,5.3501,16.2668
156,2020-08-05,deaths,1.0000,5.0934,5.0719,5.3847,5.8902,1.2023,5.0663,15.3331
157,2020-08-06,deaths,3.0000,5.1665,5.1480,5.4576,5.9523,1.2533,5.6255,16.4008
158,2020-08-07,deaths,3.0000,5.2151,5.2075,5.5100,6.0107,1.4553,5.7282,16.9960
159,2020-08-08,deaths,4.0000,5.2651,5.2763,5.5805,6.0706,1.4305,5.4494,17.9999
160,2020-08-09,deaths,6.0000,5.4315,5.3672,5.7243,6.2239,1.4277,5.7497,18.1937
161,2020-08-10,deaths,3.0000,5.5054,5.3981,5.8120,6.3073,1.4450,5.6365,16.5204
162,2020-08-11,deaths,2.0000,5.5084,5.3908,5.8063,6.3050,1.4237,5.5237,16.3860
163,2020-08-12,deaths,3.0000,5.4874,5.3804,5.7901,6.2846,1.4002,5.8458,19.0481
164,2020-08-13,deaths,6.0000,5.5535,5.4030,5.8166,6.3041,1.2701,5.5635,16.8132
165,2020-08-14,deaths,2.0000,5.6679,5.5110,5.9234,6.4141,1.4569,5.8837,18.0444
166,2020-08-15,deaths,3.0000,5.8057,5.6693,6.0324,6.5115,1.7019,6.1061,17.6215
167,2020-08-16,deaths,3.0000,5.8391,5.6682,6.0257,6.5055,1.6920,5.9120,16.5895
168,2020-08-17,deaths,1.0000,5.7585,5.6054,5.9555,6.4081,1.5455,6.0654,18.4322
169,2020-08-18,deaths,5.0000,5.7321,5.6273,5.9561,6.4091,1.5406,6.0026,17.9957
170,2020-08-19,deaths,2.0000,5.7992,5.7103,6.0443,6.4997,1.6468,5.9471,18.5684
171,2020-08-20,deaths,2.0000,5.9703,5.8596,6.1973,6.6576,1.5613,6.1066,18.3908
172,2020-08-21,deaths,4.0000,6.0695,5.9412,6.3198,6.7872,1.6926,6.4416,18.4660
173,2020-08-22,deaths,2.0000,6.1051,5.9939,6.3724,6.8334,1.6640,6.4317,18.7776
174,2020-08-23,deaths,2.0000,6.1461,6.0351,6.4090,6.8596,1.4233,6.7815,18.9388
175,2020-08-24,deaths,5.0000,6.2003,6.0880,6.4246,6.8882,1.8852,6.4691,20.2982
176,2020-08-25,deaths,4.0000,6.1971,6.0745,6.3977,6.8712,1.7124,6.2043,19.9708
177,2020-08-26,deaths,2.0000,6.2400,6.0689,6.4038,6.8803,1.7960,6.4980,19.5734
178,2020-08-27,deaths,2.0000,6.3555,6.1542,6.4927,6.9792,1.8745,6.4959,19.0527
179,2020-08-28,deaths,6.0000,6.4919,6.2572,6.6164,7.1026,1.7844,6.5321,20.3516
180,2020-08-29,deaths,3.0000,6.5577,6.3258,6.7073,7.2072,1.7109,6.7534,19.1689
181,2020-08-30,deaths,1.0000,6.5330,6.3341,6.7028,7.1731,1.7285,6.8549,20.2889
182,2020-08-31,deaths,3.0000,6.4803,6.3021,6.6581,7.1415,1.8795,6.9602,21.5921
183,2020-09-01,deaths,2.0000,6.5229,6.3556,6.7088,7.1966,1.8878,7.0745,19.2161
184,2020-09-02,deaths,3.0000,6.7387,6.5090,6.8773,7.3563,1.9010,6.7694,21.0123
185,2020-09-03,deaths,2.0000,6.8756,6.6275,6.9809,7.4814,2.2034,6.9981,22.0338
186,2020-09-04,deaths,4.0000,6.8984,6.6545,7.0015,7.5080,2.0559,7.1508,22.2730
187,2020-09-05,deaths,5.0000,6.9531,6.7037,7.0555,7.5530,2.0612,7.1953,21.6835
188,2020-09-06,deaths,2.0000,7.0412,6.7800,7.1398,7.6354,1.9870,7.2600,21.2469
189,2020-09-07,deaths,3.0000,7.0934,6.8316,7.2001,7.6799,1.9713,7.1487,21.3888
190,2020-09-08,deaths,3.0000,7.1768,6.9092,7.3043,7.7340,1.8243,7.2994,20.1962
191,2020-09-09,deaths,3.0000,7.2832,6.9702,7.3986,7.8382,1.9971,7.1412,21.8343
192,2020-09-10,deaths,3.0000,7.3574,7.0446,7.4617,7.9000,1.9713,7.5506,22.9192
193,2020-09-11,deaths,3.0000,7.4071,7.0714,7.4813,7.9210,2.0833,7.4687,23.6029
194,2020-09-12,deaths,5.0000,7.4164,7.0464,7.4556,7.8830,2.1927,7.5055,19.9329
195,2020-09-13,deaths,7.0000,7.4262,7.0346,7.4394,7.8599,2.0505,7.5285,22.0566
196,2020-09-14,deaths,4.0000,7.4182,7.0220,7.4383,7.8411,2.0333,7.2033,21.5928
197,2020-09-15,deaths,4.0000,7.4238,7.0135,7.4537,7.8684,1.9964,7.3686,21.5725
198,2020-09-16,deaths,3.0000,7.4764,7.0169,7.4596,7.8833,2.0107,7.4448,24.8098
199,2020-09-17,deaths,10.0000,7.5868,7.0599,7.5005,7.9617,2.1724,7.6080,23.0072
200,2020-09-18,deaths,6.0000,7.6474,7.0750,7.5212,7.9731,2.0695,7.5307,21.5660
201,2020-09-19,deaths,5.0000,7.6622,7.0402,7.4792,7.9356,2.1003,7.6133,20.7587
202,2020-09-20,deaths,13.0000,7.6689,7.0359,7.4666,7.9049,2.1432,7.5529,22.2773
203,2020-09-21,deaths,8.0000,7.6579,7.0493,7.4660,7.9072,2.3482,7.5867,22.6059
204,2020-09-22,deaths,5.0000,7.7277,7.0914,7.5103,7.9360,2.0476,7.6203,23.0764
205,2020-09-23,deaths,3.0000,7.7378,7.1247,7.5576,7.9984,1.9183,7.6536,22.9359
206,2020-09-24,deaths,3.0000,7.7781,7.1454,7.6204,8.0945,2.3022,7.2900,22.6666
207,2020-09-25,deaths,5.0000,7.8855,7.2290,7.7030,8.1679,2.1450,8.0618,22.2724
208,2020-09-26,deaths,8.0000,7.9693,7.2858,7.7744,8.2224,2.0806,7.7702,21.4667
209,2020-09-27,deaths,9.0000,8.0209,7.3113,7.8053,8.2450,2.0845,7.7337,24.0880
210,2020-09-28,deaths,4.0000,8.1254,7.3872,7.8919,8.3279,2.2728,7.6806,23.0575
211,2020-09-29,deaths,6.0000,8.2043,7.4423,7.9525,8.3940,2.2700,7.7666,22.8440
212,2020-09-30,deaths,8.0000,8.2848,7.5023,8.0188,8.4663,1.9931,7.8167,23.4093
213,2020-10-01,deaths,6.0000,8.4145,7.6384,8.1603,8.6186,2.2544,8.1986,25.6654
214,2020-10-02,deaths,6.0000,8.5828,7.7927,8.3250,8.7917,2.2722,8.4554,24.3411
215,2020-10-03,deaths,12.0000,8.7819,7.9304,8.4841,8.9497,2.5094,8.6125,25.9619
216,2020-10-04,deaths,10.0000,9.0182,8.1262,8.6981,9.1729,2.7367,8.7233,26.6379
217,2020-10-05,deaths,13.0000,9.2958,8.3609,8.9509,9.4405,2.4792,8.6336,24.7974
218,2020-10-06,deaths,14.0000,9.6407,8.6731,9.2764,9.7811,2.6605,9.1661,27.4471
219,2020-10-07,deaths,8.0000,10.0004,9.0217,9.6381,10.1660,2.6960,9.7085,28.1976
220,2020-10-08,deaths,10.0000,10.3570,9.3262,9.9660,10.4995,3.3145,9.9933,30.3087
221,2020-10-09,deaths,12.0000,10.7301,9.6397,10.3011,10.8598,3.1248,10.0431,31.1813
222,2020-10-10,deaths,5.0000,11.0770,9.9425,10.6209,11.1874,3.2974,10.7464,31.5697
223,2020-10-11,deaths,13.0000,11.4320,10.2072,10.8987,11.4806,3.3128,10.6035,31.2997
224,2020-10-12,deaths,14.0000,11.8254,10.5290,11.2493,11.8465,3.1712,10.9838,34.3781
225,2020-10-13,deaths,16.0000,12.3260,10.9938,11.7247,12.3497,3.7699,12.0245,34.0316
226,2020-10-14,deaths,7.0000,12.8829,11.4555,12.2087,12.8597,3.8102,11.8097,36.3233
227,2020-10-15,deaths,11.0000,13.4367,11.9235,12.6869,13.3627,3.9378,12.9164,36.1523
228,2020-10-16,deaths,21.0000,13.9512,12.4163,13.2064,13.9090,4.2333,13.2430,37.8997
229,2020-10-17,deaths,13.0000,14.4441,12.8548,13.6474,14.3554,4.6065,14.0377,37.7733
230,2020-10-18,deaths,19.0000,15.0924,13.3955,14.2189,14.9412,4.3456,13.8440,43.4428
231,2020-10-19,deaths,17.0000,15.7788,13.9425,14.8629,15.6171,4.2774,15.3537,40.6660
232,2020-10-20,deaths,15.0000,16.3470,14.4485,15.3940,16.1742,4.9325,15.0445,45.1815
233,2020-10-21,deaths,16.0000,16.9041,14.9502,15.9319,16.7601,5.2988,15.8052,44.6668
234,2020-10-22,deaths,16.0000,17.5097,15.5566,16.5637,17.4172,5.6177,16.8334,46.3597
235,2020-10-23,deaths,31.0000,18.2186,16.2557,17.2922,18.2017,5.6268,18.0142,49.5363
236,2020-10-24,deaths,21.0000,19.0538,17.0186,18.0985,19.0631,5.7100,17.9761,50.4911
237,2020-10-25,deaths,19.0000,20.0478,17.8837,18.9676,19.9945,6.3111,19.4280,55.2232
238,2020-10-26,deaths,27.0000,21.0548,18.7378,19.8463,20.9282,6.6808,19.9217,58.0375
239,2020-10-27,deaths,28.0000,21.9641,19.5322,20.6913,21.8481,7.0320,20.8047,53.5623
240,2020-10-28,deaths,24.0000,22.9144,20.3817,21.5884,22.7730,6.8974,21.7569,63.1897
241,2020-10-29,deaths,33.0000,24.0245,21.3240,22.5744,23.8281,7.9265,22.9256,62.4584
242,2020-10-30,deaths,40.0000,25.2576,22.4344,23.7222,25.0048,6.7749,23.6709,71.5409
243,2020-10-31,deaths,39.0000,26.4752,23.5278,24.8956,26.2722,7.9723,24.8225,70.2986
244,2020-11-01,deaths,37.0000,27.5824,24.5467,25.9918,27.4894,8.8528,26.0885,72.7797
245,2020-11-02,deaths,46.0000,28.9087,25.7189,27.1989,28.8625,9.7710,28.1689,80.6496
246,2020-11-03,deaths,45.0000,30.6442,27.1349,28.7210,30.5641,9.6542,29.1373,81.1255
247,2020-11-04,deaths,59.0000,32.4888,28.5425,30.2200,32.2686,10.9568,30.5191,85.9190
248,2020-11-05,deaths,46.0000,33.8724,29.8315,31.6127,33.7674,12.2442,32.3352,90.0982
249,2020-11-06,deaths,52.0000,35.0651,30.9568,32.7989,35.0346,10.5823,33.5142,90.3783
250,2020-11-07,deaths,56.0000,36.3892,32.0718,33.9365,36.4038,11.8661,34.3166,89.3645
251,2020-11-08,deaths,48.0000,37.8365,33.3080,35.2658,37.7840,12.0401,34.4948,91.7858
252,2020-11-09,deaths,63.0000,39.4296,34.6696,36.6626,39.3855,13.6418,37.1103,104.9860
253,2020-11-10,deaths,62.0000,41.1770,36.2536,38.2205,41.1562,14.5206,39.6758,112.7705
254,2020-11-11,deaths,82.0000,43.3841,37.9143,40.0724,43.1605,13.4393,41.3171,116.0673
255,2020-11-12,deaths,78.0000,45.8250,39.8890,42.1660,45.3966,14.7398,41.1044,119.7707
256,2020-11-13,deaths,69.0000,47.9907,41.7959,44.1856,47.6295,14.8168,42.5966,118.6580
257,2020-11-14,deaths,55.0000,50.1465,43.5890,46.2052,49.7618,16.5985,45.8739,132.3938
258,2020-11-15,deaths,76.0000,52.2277,45.4358,48.1647,51.8871,17.4812,49.5600,139.7048
259,2020-11-16,deaths,91.0000,54.4569,47.3515,50.1952,54.0837,19.1564,51.4369,138.3670
260,2020-11-17,deaths,81.0000,57.4482,49.8768,52.8753,57.0887,20.3646,53.8489,150.1407
261,2020-11-18,deaths,79.0000,60.1727,52.1570,55.3190,59.7644,19.4759,55.3655,146.8083
262,2020-11-19,deaths,69.0000,62.6408,54.2689,57.5418,62.1830,20.5539,57.7742,166.2786
263,2020-11-20,deaths,61.0000,64.8371,56.1382,59.4966,64.3044,21.6789,61.3173,171.0145
264,2020-11-21,deaths,62.0000,66.6624,57.7147,61.1347,66.0802,19.3133,64.0205,183.1863
265,2020-11-22,deaths,73.0000,68.3309,59.1559,62.6660,67.7258,23.8269,63.7440,164.8088
266,2020-11-23,deaths,74.0000,69.7659,60.4272,64.0032,69.1650,23.3733,66.6391,184.4749
267,2020-11-24,deaths,85.0000,71.0492,61.5480,65.2427,70.4643,23.0194,64.7472,200.0761
268,2020-11-25,deaths,71.0000,72.0935,62.5072,66.3067,71.5787,23.6091,65.6637,186.8588
269,2020-11-26,deaths,82.0000,72.7232,63.1775,67.0591,72.3222,25.2762,67.2006,170.5297
270,2020-11-27,deaths,67.0000,73.1861,63.6935,67.6174,72.8400,25.6732,68.8651,181.0451
271,2020-11-28,deaths,87.0000,73.6255,64.1818,68.1203,73.3390,23.7452,67.8909,192.0594
272,2020-11-29,deaths,64.0000,73.8825,64.5356,68.5548,73.7883,23.5789,67.1482,185.9899
273,2020-11-30,deaths,78.0000,73.8382,64.6647,68.7483,73.9290,23.4348,70.7915,202.0079
274,2020-12-01,deaths,72.0000,74.0643,65.1009,69.1943,74.3320,24.8747,70.8959,190.8614
275,2020-12-02,deaths,68.0000,74.5264,65.7683,69.9039,75.0989,23.3731,71.3135,195.8052
276,2020-12-03,deaths,79.0000,74.9578,66.4554,70.7327,75.8800,25.3750,72.1959,194.4848
277,2020-12-04,deaths,79.0000,75.1641,66.7861,71.2528,76.4168,24.9785,73.4015,190.0837
278,2020-12-05,deaths,73.0000,75.1550,67.1324,71.6703,76.9818,23.1816,71.2817,189.4510
279,2020-12-06,deaths,87.0000,74.8757,67.1512,71.7793,77.0638,24.7224,69.8007,197.1596
280,2020-12-07,deaths,78.0000,74.5387,67.0451,71.8234,77.1392,24.9372,71.1519,193.2050
281,2020-12-08,deaths,81.0000,74.2825,66.9633,71.9604,77.2503,26.0868,72.9546,196.9568
282,2020-12-09,deaths,70.0000,74.1251,66.9620,72.2048,77.5472,25.2342,71.3365,189.0363
283,2020-12-10,deaths,86.0000,73.8617,66.9327,72.3031,77.7344,27.0204,73.5518,207.8465
284,2020-12-11,deaths,95.0000,73.2348,66.6061,72.0013,77.3837,26.6715,72.7974,204.4602
285,2020-12-12,deaths,88.0000,72.3964,66.0788,71.5529,76.9305,23.6353,71.6530,207.7981
286,2020-12-13,deaths,98.0000,71.4328,65.4370,70.8852,76.3831,23.8678,71.8784,195.9695
287,2020-12-14,deaths,90.0000,70.3190,64.5678,70.1228,75.6342,27.0157,71.2549,189.6236
288,2020-12-15,deaths,84.0000,69.1749,63.7708,69.3849,74.8801,24.5458,66.8688,178.3623
289,2020-12-16,deaths,82.0000,67.9973,62.9225,68.5149,74.0469,25.0883,68.3279,192.2705
290,2020-12-17,deaths,87.0000,66.6884,61.8255,67.5104,73.0155,24.3177,67.0086,171.1773
291,2020-12-18,deaths,75.0000,65.1881,60.5880,66.3385,71.6950,24.3650,63.6971,175.6745
292,2020-12-19,deaths,86.0000,63.7201,59.2677,65.1371,70.4287,22.7274,65.3736,191.7062
293,2020-12-20,deaths,71.0000,62.3118,58.0721,63.9628,69.2229,22.6802,64.9325,181.3003
294,2020-12-21,deaths,57.0000,60.9177,56.8343,62.7793,67.9761,23.1987,64.0689,169.4198
295,2020-12-22,deaths,63.0000,59.5015,55.5646,61.4931,66.6356,20.1907,63.2774,163.0575
296,2020-12-23,deaths,89.0000,58.0101,54.2162,60.1339,65.2204,20.9978,60.4864,166.8367
297,2020-12-24,deaths,70.0000,56.4235,52.7558,58.6387,63.6823,18.7748,56.7406,170.3386
298,2020-12-25,deaths,65.0000,54.7748,51.2735,57.2005,62.1832,19.6022,57.5328,149.7757
299,2020-12-26,deaths,78.0000,53.1092,49.9476,55.8926,60.8421,19.4850,55.6929,152.4025
300,2020-12-27,deaths,63.0000,51.7582,48.8582,54.8277,59.6862,20.9845,54.8101,143.3547
301,2020-12-28,deaths,58.0000,50.5320,47.8522,53.8618,58.6409,18.2410,53.0643,157.5104
302,2020-12-29,deaths,74.0000,49.3401,46.8171,52.9275,57.6536,19.3672,53.2466,143.9642
303,2020-12-30,deaths,79.0000,48.2510,45.7897,51.9874,56.6732,18.3482,50.5955,153.6914
304,2020-12-31,deaths,76.0000,47.1596,44.8058,51.0492,55.7821,18.1510,53.0425,147.3314
